family,feature_set,candidate_id,params,fold,n,base_rate,mean_predicted,pr_auc,roc_auc,brier,brier_at_segment_base_rate
naive,primary,0,{},0,5594,0.039685377189846265,0.02895959957096889,0.039685377189846265,0.5,0.038225490332675506,0.038110448027145895
naive,primary,0,{},1,5595,0.06094727435210009,0.034322488380407586,0.06094727435210009,0.5,0.05794158332918836,0.05723270410114993
naive,primary,0,{},2,5594,0.05809796210225241,0.04319847464696419,0.05809796210225241,0.5,0.054944583628247945,0.05472258890181766
naive,primary,0,{},3,5595,0.0741733690795353,0.04692318005094516,0.0741733690795353,0.5,0.06941425320102024,0.06867168039892634
logreg,primary,0,{'C': 0.003},0,5594,0.039685377189846265,0.028776422702137837,0.04106994375262135,0.514881551320494,0.03822620483753255,0.038110448027145895
logreg,primary,0,{'C': 0.003},1,5595,0.06094727435210009,0.03483601267319776,0.06439985115303044,0.5032911665124296,0.05791301691740137,0.05723270410114993
logreg,primary,0,{'C': 0.003},2,5594,0.05809796210225241,0.05315034245398587,0.06301211190096352,0.5081510139130181,0.05477468190491456,0.05472258890181766
logreg,primary,0,{'C': 0.003},3,5595,0.0741733690795353,0.05563197270493237,0.08406628669277225,0.49861376005954317,0.06916361632611867,0.06867168039892634
logreg,primary,1,{'C': 0.01},0,5594,0.039685377189846265,0.028565906432515487,0.04101427989609873,0.5155515250917335,0.03823230576760329,0.038110448027145895
logreg,primary,1,{'C': 0.01},1,5595,0.06094727435210009,0.035158415576918324,0.06231703856050256,0.49634659028116546,0.05791268012992955,0.05723270410114993
logreg,primary,1,{'C': 0.01},2,5594,0.05809796210225241,0.059811940864400684,0.0629246534444082,0.5057625881425464,0.054803534128934156,0.05472258890181766
logreg,primary,1,{'C': 0.01},3,5595,0.0741733690795353,0.05938641131051194,0.07853904449893835,0.48880867097734565,0.06914896438165767,0.06867168039892634
logreg,primary,2,{'C': 0.03},0,5594,0.039685377189846265,0.028241831085839532,0.04102637192431853,0.5174775948696277,0.038251199570349836,0.038110448027145895
logreg,primary,2,{'C': 0.03},1,5595,0.06094727435210009,0.035472744588286656,0.06087624217454046,0.49372995522473034,0.05792944698649398,0.05723270410114993
logreg,primary,2,{'C': 0.03},2,5594,0.05809796210225241,0.06390628867569156,0.06229804768040266,0.5048002102281852,0.054894605714664924,0.05472258890181766
logreg,primary,2,{'C': 0.03},3,5595,0.0741733690795353,0.061469142223091196,0.07667271804806053,0.48701586267851327,0.06915375566466236,0.06867168039892634
logreg,primary,3,{'C': 0.1},0,5594,0.039685377189846265,0.027949941846454024,0.04123065462850245,0.5195814299034702,0.03828605473285077,0.038110448027145895
logreg,primary,3,{'C': 0.1},1,5595,0.06094727435210009,0.03565432000260285,0.06047767036377069,0.49328231415918833,0.05796229220295805,0.05723270410114993
logreg,primary,3,{'C': 0.1},2,5594,0.05809796210225241,0.06557631221083078,0.06222811093822184,0.5035832226228886,0.05497389169104738,0.05472258890181766
logreg,primary,3,{'C': 0.1},3,5595,0.0741733690795353,0.06246617843213564,0.07840420862722897,0.48886542308229053,0.06914569282431107,0.06867168039892634
logreg,primary,4,{'C': 0.3},0,5594,0.039685377189846265,0.02772678967868862,0.041494355730522126,0.5176411053644858,0.03832086106755492,0.038110448027145895
logreg,primary,4,{'C': 0.3},1,5595,0.06094727435210009,0.03659538403418336,0.060820492811345384,0.49789547302041615,0.0579402467397542,0.05723270410114993
logreg,primary,4,{'C': 0.3},2,5594,0.05809796210225241,0.0662520386305813,0.0622995373670391,0.5034529979415158,0.05501143046978937,0.05472258890181766
logreg,primary,4,{'C': 0.3},3,5595,0.0741733690795353,0.06953257257236108,0.06977469455000988,0.46860166534865333,0.06971638775598663,0.06867168039892634
logreg,primary,5,{'C': 1.0},0,5594,0.039685377189846265,0.027731024422357024,0.04149284577013515,0.5167665338458339,0.0383531332863425,0.038110448027145895
logreg,primary,5,{'C': 1.0},1,5595,0.06094727435210009,0.05892744390140884,0.07050184587508457,0.5593702103243221,0.05728447824364012,0.05723270410114993
logreg,primary,5,{'C': 1.0},2,5594,0.05809796210225241,0.06633510374455645,0.06226586432136315,0.5025986539556477,0.05502736540967859,0.05472258890181766
logreg,primary,5,{'C': 1.0},3,5595,0.0741733690795353,0.07012657877704406,0.06982153074067464,0.46931943992184955,0.06979697460134665,0.06867168039892634
xgboost,primary,0,"{'colsample_bytree': 0.8, 'learning_rate': 0.03, 'max_depth': 2, 'min_child_weight': 5, 'n_estimators': 400, 'reg_lambda': 1.0, 'subsample': 0.8}",0,5594,0.039685377189846265,0.02777771958203911,0.04191038046586884,0.5122486130955974,0.038380611402433325,0.038110448027145895
xgboost,primary,0,"{'colsample_bytree': 0.8, 'learning_rate': 0.03, 'max_depth': 2, 'min_child_weight': 5, 'n_estimators': 400, 'reg_lambda': 1.0, 'subsample': 0.8}",1,5595,0.06094727435210009,0.03599119734425194,0.06470832297016407,0.5051422906943126,0.05793493254619413,0.05723270410114993
xgboost,primary,0,"{'colsample_bytree': 0.8, 'learning_rate': 0.03, 'max_depth': 2, 'min_child_weight': 5, 'n_estimators': 400, 'reg_lambda': 1.0, 'subsample': 0.8}",2,5594,0.05809796210225241,0.0663979449187874,0.06309611156657433,0.5160281472181264,0.055053084442846296,0.05472258890181766
xgboost,primary,0,"{'colsample_bytree': 0.8, 'learning_rate': 0.03, 'max_depth': 2, 'min_child_weight': 5, 'n_estimators': 400, 'reg_lambda': 1.0, 'subsample': 0.8}",3,5595,0.0741733690795353,0.061938798942597344,0.07459338914600308,0.4767318695631949,0.06932365450018914,0.06867168039892634
xgboost,primary,1,"{'colsample_bytree': 0.8, 'learning_rate': 0.1, 'max_depth': 3, 'min_child_weight': 20, 'n_estimators': 200, 'reg_lambda': 1.0, 'subsample': 0.8}",0,5594,0.039685377189846265,0.02771441028939549,0.04348239978810742,0.5329167589033561,0.03833802248805977,0.038110448027145895
xgboost,primary,1,"{'colsample_bytree': 0.8, 'learning_rate': 0.1, 'max_depth': 3, 'min_child_weight': 20, 'n_estimators': 200, 'reg_lambda': 1.0, 'subsample': 0.8}",1,5595,0.06094727435210009,0.03618081935495804,0.06407558820711107,0.49959449970808445,0.058069344017724456,0.05723270410114993
xgboost,primary,1,"{'colsample_bytree': 0.8, 'learning_rate': 0.1, 'max_depth': 3, 'min_child_weight': 20, 'n_estimators': 200, 'reg_lambda': 1.0, 'subsample': 0.8}",2,5594,0.05809796210225241,0.06794355867842121,0.06187255060310812,0.5123179117333606,0.055362947852835735,0.05472258890181766
xgboost,primary,1,"{'colsample_bytree': 0.8, 'learning_rate': 0.1, 'max_depth': 3, 'min_child_weight': 20, 'n_estimators': 200, 'reg_lambda': 1.0, 'subsample': 0.8}",3,5595,0.0741733690795353,0.06304088540997779,0.06891844916579995,0.45853653998232313,0.06972087108326579,0.06867168039892634
xgboost,primary,2,"{'colsample_bytree': 0.8, 'learning_rate': 0.03, 'max_depth': 3, 'min_child_weight': 5, 'n_estimators': 100, 'reg_lambda': 1.0, 'subsample': 0.8}",0,5594,0.039685377189846265,0.02786118766821689,0.04151726566971319,0.5071483434290582,0.038300249311253934,0.038110448027145895
xgboost,primary,2,"{'colsample_bytree': 0.8, 'learning_rate': 0.03, 'max_depth': 3, 'min_child_weight': 5, 'n_estimators': 100, 'reg_lambda': 1.0, 'subsample': 0.8}",1,5595,0.06094727435210009,0.0356660286588819,0.06357120820983479,0.5000270705631904,0.05790608238677948,0.05723270410114993
xgboost,primary,2,"{'colsample_bytree': 0.8, 'learning_rate': 0.03, 'max_depth': 3, 'min_child_weight': 5, 'n_estimators': 100, 'reg_lambda': 1.0, 'subsample': 0.8}",2,5594,0.05809796210225241,0.06379837851270814,0.06606621144694996,0.5134919777508504,0.05486682870487233,0.05472258890181766
xgboost,primary,2,"{'colsample_bytree': 0.8, 'learning_rate': 0.03, 'max_depth': 3, 'min_child_weight': 5, 'n_estimators': 100, 'reg_lambda': 1.0, 'subsample': 0.8}",3,5595,0.0741733690795353,0.060161591068882296,0.07794133887591266,0.4865392845513328,0.0692011458593697,0.06867168039892634
xgboost,primary,3,"{'colsample_bytree': 0.8, 'learning_rate': 0.03, 'max_depth': 2, 'min_child_weight': 5, 'n_estimators': 100, 'reg_lambda': 1.0, 'subsample': 0.8}",0,5594,0.039685377189846265,0.0280308396464582,0.04037129801355102,0.5028102842231659,0.03828866076130838,0.038110448027145895
xgboost,primary,3,"{'colsample_bytree': 0.8, 'learning_rate': 0.03, 'max_depth': 2, 'min_child_weight': 5, 'n_estimators': 100, 'reg_lambda': 1.0, 'subsample': 0.8}",1,5595,0.06094727435210009,0.03560561943862511,0.06365308609694131,0.49666418101220466,0.05789732203013158,0.05723270410114993
xgboost,primary,3,"{'colsample_bytree': 0.8, 'learning_rate': 0.03, 'max_depth': 2, 'min_child_weight': 5, 'n_estimators': 100, 'reg_lambda': 1.0, 'subsample': 0.8}",2,5594,0.05809796210225241,0.06382871980382303,0.06595261257494785,0.5185514694074194,0.05482494092095893,0.05472258890181766
xgboost,primary,3,"{'colsample_bytree': 0.8, 'learning_rate': 0.03, 'max_depth': 2, 'min_child_weight': 5, 'n_estimators': 100, 'reg_lambda': 1.0, 'subsample': 0.8}",3,5595,0.0741733690795353,0.059717778087501235,0.08036974234269212,0.48597315904544824,0.06919532245405141,0.06867168039892634
xgboost,primary,4,"{'colsample_bytree': 0.8, 'learning_rate': 0.03, 'max_depth': 3, 'min_child_weight': 20, 'n_estimators': 400, 'reg_lambda': 1.0, 'subsample': 0.8}",0,5594,0.039685377189846265,0.02828599757727663,0.04348723873455676,0.5315227271202699,0.038294880169538956,0.038110448027145895
xgboost,primary,4,"{'colsample_bytree': 0.8, 'learning_rate': 0.03, 'max_depth': 3, 'min_child_weight': 20, 'n_estimators': 400, 'reg_lambda': 1.0, 'subsample': 0.8}",1,5595,0.06094727435210009,0.03587743274741028,0.06513625778265733,0.49823204105348584,0.057993847842566046,0.05723270410114993
xgboost,primary,4,"{'colsample_bytree': 0.8, 'learning_rate': 0.03, 'max_depth': 3, 'min_child_weight': 20, 'n_estimators': 400, 'reg_lambda': 1.0, 'subsample': 0.8}",2,5594,0.05809796210225241,0.06727286227497621,0.060433538296311075,0.5112650189059375,0.055216959663595286,0.05472258890181766
xgboost,primary,4,"{'colsample_bytree': 0.8, 'learning_rate': 0.03, 'max_depth': 3, 'min_child_weight': 20, 'n_estimators': 400, 'reg_lambda': 1.0, 'subsample': 0.8}",3,5595,0.0741733690795353,0.062127813291040994,0.06983558171627867,0.46241777922500815,0.06952974232909011,0.06867168039892634
xgboost,primary,5,"{'colsample_bytree': 0.8, 'learning_rate': 0.1, 'max_depth': 2, 'min_child_weight': 50, 'n_estimators': 200, 'reg_lambda': 1.0, 'subsample': 0.8}",0,5594,0.039685377189846265,0.028365245272735422,0.0394784091501242,0.47044946100232776,0.03825277561069862,0.038110448027145895
xgboost,primary,5,"{'colsample_bytree': 0.8, 'learning_rate': 0.1, 'max_depth': 2, 'min_child_weight': 50, 'n_estimators': 200, 'reg_lambda': 1.0, 'subsample': 0.8}",1,5595,0.06094727435210009,0.0359027303144389,0.06501409271188424,0.5032345136843093,0.057936800443102704,0.05723270410114993
xgboost,primary,5,"{'colsample_bytree': 0.8, 'learning_rate': 0.1, 'max_depth': 2, 'min_child_weight': 50, 'n_estimators': 200, 'reg_lambda': 1.0, 'subsample': 0.8}",2,5594,0.05809796210225241,0.06741716865347588,0.060709987790971406,0.5158091595252347,0.05511000684564349,0.05472258890181766
xgboost,primary,5,"{'colsample_bytree': 0.8, 'learning_rate': 0.1, 'max_depth': 2, 'min_child_weight': 50, 'n_estimators': 200, 'reg_lambda': 1.0, 'subsample': 0.8}",3,5595,0.0741733690795353,0.06232562519250383,0.06461011561209834,0.44370005116993066,0.06961693396468126,0.06867168039892634
xgboost,primary,6,"{'colsample_bytree': 0.8, 'learning_rate': 0.03, 'max_depth': 2, 'min_child_weight': 20, 'n_estimators': 400, 'reg_lambda': 1.0, 'subsample': 0.8}",0,5594,0.039685377189846265,0.02829452729419348,0.04226259537958349,0.5252858498856265,0.03828382375524094,0.038110448027145895
xgboost,primary,6,"{'colsample_bytree': 0.8, 'learning_rate': 0.03, 'max_depth': 2, 'min_child_weight': 20, 'n_estimators': 400, 'reg_lambda': 1.0, 'subsample': 0.8}",1,5595,0.06094727435210009,0.03581773125740489,0.06812981454966824,0.5089589610262032,0.057901571219912615,0.05723270410114993
xgboost,primary,6,"{'colsample_bytree': 0.8, 'learning_rate': 0.03, 'max_depth': 2, 'min_child_weight': 20, 'n_estimators': 400, 'reg_lambda': 1.0, 'subsample': 0.8}",2,5594,0.05809796210225241,0.0667996436882262,0.06108018835929223,0.5174939048425479,0.05506266678080621,0.05472258890181766
xgboost,primary,6,"{'colsample_bytree': 0.8, 'learning_rate': 0.03, 'max_depth': 2, 'min_child_weight': 20, 'n_estimators': 400, 'reg_lambda': 1.0, 'subsample': 0.8}",3,5595,0.0741733690795353,0.061568076123247946,0.07046966549238998,0.46662766897706653,0.06940868831199867,0.06867168039892634
xgboost,primary,7,"{'colsample_bytree': 0.8, 'learning_rate': 0.03, 'max_depth': 3, 'min_child_weight': 50, 'n_estimators': 400, 'reg_lambda': 1.0, 'subsample': 0.8}",0,5594,0.039685377189846265,0.028855818432672858,0.039702738360755566,0.4691480851663279,0.03824052180187299,0.038110448027145895
xgboost,primary,7,"{'colsample_bytree': 0.8, 'learning_rate': 0.03, 'max_depth': 3, 'min_child_weight': 50, 'n_estimators': 400, 'reg_lambda': 1.0, 'subsample': 0.8}",1,5595,0.06094727435210009,0.03587171878545837,0.06388518354081071,0.49799956910361276,0.05795235456872834,0.05723270410114993
xgboost,primary,7,"{'colsample_bytree': 0.8, 'learning_rate': 0.03, 'max_depth': 3, 'min_child_weight': 50, 'n_estimators': 400, 'reg_lambda': 1.0, 'subsample': 0.8}",2,5594,0.05809796210225241,0.06800485412268222,0.0609192676934295,0.5132233528475699,0.05514448559425542,0.05472258890181766
xgboost,primary,7,"{'colsample_bytree': 0.8, 'learning_rate': 0.03, 'max_depth': 3, 'min_child_weight': 50, 'n_estimators': 400, 'reg_lambda': 1.0, 'subsample': 0.8}",3,5595,0.0741733690795353,0.06189587813060501,0.06520577206065081,0.4442715262594781,0.06965528803520277,0.06867168039892634
xgboost,primary,8,"{'colsample_bytree': 0.8, 'learning_rate': 0.03, 'max_depth': 2, 'min_child_weight': 50, 'n_estimators': 100, 'reg_lambda': 1.0, 'subsample': 0.8}",0,5594,0.039685377189846265,0.028663928113067984,0.03892420513994457,0.4660984048083825,0.03824335606600416,0.038110448027145895
xgboost,primary,8,"{'colsample_bytree': 0.8, 'learning_rate': 0.03, 'max_depth': 2, 'min_child_weight': 50, 'n_estimators': 100, 'reg_lambda': 1.0, 'subsample': 0.8}",1,5595,0.06094727435210009,0.03565808485118111,0.06209729984134131,0.49165026618456875,0.05791357312438208,0.05723270410114993
xgboost,primary,8,"{'colsample_bytree': 0.8, 'learning_rate': 0.03, 'max_depth': 2, 'min_child_weight': 50, 'n_estimators': 100, 'reg_lambda': 1.0, 'subsample': 0.8}",2,5594,0.05809796210225241,0.06454489307999504,0.061912075897592726,0.5129815904346176,0.054856493156007075,0.05472258890181766
xgboost,primary,8,"{'colsample_bytree': 0.8, 'learning_rate': 0.03, 'max_depth': 2, 'min_child_weight': 50, 'n_estimators': 100, 'reg_lambda': 1.0, 'subsample': 0.8}",3,5595,0.0741733690795353,0.05947353001700596,0.07209160461948287,0.46290784760664283,0.06929007926432774,0.06867168039892634
xgboost,primary,9,"{'colsample_bytree': 0.8, 'learning_rate': 0.1, 'max_depth': 3, 'min_child_weight': 5, 'n_estimators': 100, 'reg_lambda': 1.0, 'subsample': 0.8}",0,5594,0.039685377189846265,0.02731428693200491,0.04068319520197419,0.5062326846578522,0.03849406623308561,0.038110448027145895
xgboost,primary,9,"{'colsample_bytree': 0.8, 'learning_rate': 0.1, 'max_depth': 3, 'min_child_weight': 5, 'n_estimators': 100, 'reg_lambda': 1.0, 'subsample': 0.8}",1,5595,0.06094727435210009,0.03577115961564397,0.0630674053097085,0.5039394646391466,0.058052906790558134,0.05723270410114993
xgboost,primary,9,"{'colsample_bytree': 0.8, 'learning_rate': 0.1, 'max_depth': 3, 'min_child_weight': 5, 'n_estimators': 100, 'reg_lambda': 1.0, 'subsample': 0.8}",2,5594,0.05809796210225241,0.06681335706751251,0.06077880833084642,0.5019778968421975,0.05527617894149261,0.05472258890181766
xgboost,primary,9,"{'colsample_bytree': 0.8, 'learning_rate': 0.1, 'max_depth': 3, 'min_child_weight': 5, 'n_estimators': 100, 'reg_lambda': 1.0, 'subsample': 0.8}",3,5595,0.0741733690795353,0.06244187112839375,0.07216338658796269,0.46837861096897243,0.06951189550046691,0.06867168039892634
xgboost,primary,10,"{'colsample_bytree': 0.8, 'learning_rate': 0.1, 'max_depth': 2, 'min_child_weight': 20, 'n_estimators': 400, 'reg_lambda': 10.0, 'subsample': 0.8}",0,5594,0.039685377189846265,0.028398726639778358,0.04257507367420529,0.5245399904744655,0.03835846194506464,0.038110448027145895
xgboost,primary,10,"{'colsample_bytree': 0.8, 'learning_rate': 0.1, 'max_depth': 2, 'min_child_weight': 20, 'n_estimators': 400, 'reg_lambda': 10.0, 'subsample': 0.8}",1,5595,0.06094727435210009,0.03619382351002688,0.06629171417511229,0.5061667859259864,0.05798286932126362,0.05723270410114993
xgboost,primary,10,"{'colsample_bytree': 0.8, 'learning_rate': 0.1, 'max_depth': 2, 'min_child_weight': 20, 'n_estimators': 400, 'reg_lambda': 10.0, 'subsample': 0.8}",2,5594,0.05809796210225241,0.06814929323379466,0.05976255390479347,0.5130309356614158,0.05536211768470192,0.05472258890181766
xgboost,primary,10,"{'colsample_bytree': 0.8, 'learning_rate': 0.1, 'max_depth': 2, 'min_child_weight': 20, 'n_estimators': 400, 'reg_lambda': 10.0, 'subsample': 0.8}",3,5595,0.0741733690795353,0.06230569194379771,0.06699019686105265,0.45362120295855235,0.06968309099794234,0.06867168039892634
xgboost,primary,11,"{'colsample_bytree': 0.8, 'learning_rate': 0.03, 'max_depth': 3, 'min_child_weight': 50, 'n_estimators': 100, 'reg_lambda': 10.0, 'subsample': 0.8}",0,5594,0.039685377189846265,0.028695619641112287,0.039025649589655154,0.4669050565830164,0.038242047969152634,0.038110448027145895
xgboost,primary,11,"{'colsample_bytree': 0.8, 'learning_rate': 0.03, 'max_depth': 3, 'min_child_weight': 50, 'n_estimators': 100, 'reg_lambda': 10.0, 'subsample': 0.8}",1,5595,0.06094727435210009,0.03558428651612448,0.06357564363312232,0.49349441341717576,0.05790990891956307,0.05723270410114993
xgboost,primary,11,"{'colsample_bytree': 0.8, 'learning_rate': 0.03, 'max_depth': 3, 'min_child_weight': 50, 'n_estimators': 100, 'reg_lambda': 10.0, 'subsample': 0.8}",2,5594,0.05809796210225241,0.06479458945936865,0.061822596730931954,0.5126425974860214,0.05487563298073914,0.05472258890181766
xgboost,primary,11,"{'colsample_bytree': 0.8, 'learning_rate': 0.03, 'max_depth': 3, 'min_child_weight': 50, 'n_estimators': 100, 'reg_lambda': 10.0, 'subsample': 0.8}",3,5595,0.0741733690795353,0.05990464028979754,0.07088959762181016,0.46408149974415036,0.06931139857302698,0.06867168039892634
xgboost,primary,12,"{'colsample_bytree': 0.8, 'learning_rate': 0.03, 'max_depth': 2, 'min_child_weight': 20, 'n_estimators': 200, 'reg_lambda': 10.0, 'subsample': 0.8}",0,5594,0.039685377189846265,0.02819799609092045,0.042180378913060805,0.5211242981626452,0.0382563522341325,0.038110448027145895
xgboost,primary,12,"{'colsample_bytree': 0.8, 'learning_rate': 0.03, 'max_depth': 2, 'min_child_weight': 20, 'n_estimators': 200, 'reg_lambda': 10.0, 'subsample': 0.8}",1,5595,0.06094727435210009,0.03566301288491013,0.066754398468124,0.5016599557717231,0.057894440749966046,0.05723270410114993
xgboost,primary,12,"{'colsample_bytree': 0.8, 'learning_rate': 0.03, 'max_depth': 2, 'min_child_weight': 20, 'n_estimators': 200, 'reg_lambda': 10.0, 'subsample': 0.8}",2,5594,0.05809796210225241,0.06576811552079695,0.06294454831369765,0.5208718630012994,0.05490648100950304,0.05472258890181766
xgboost,primary,12,"{'colsample_bytree': 0.8, 'learning_rate': 0.03, 'max_depth': 2, 'min_child_weight': 20, 'n_estimators': 200, 'reg_lambda': 10.0, 'subsample': 0.8}",3,5595,0.0741733690795353,0.060538982839670644,0.07224302285500604,0.47446643717728054,0.06928613661970637,0.06867168039892634
xgboost,primary,13,"{'colsample_bytree': 0.8, 'learning_rate': 0.1, 'max_depth': 2, 'min_child_weight': 20, 'n_estimators': 200, 'reg_lambda': 10.0, 'subsample': 0.8}",0,5594,0.039685377189846265,0.027955222690579856,0.04268112424033162,0.5287707197145024,0.03829982917608572,0.038110448027145895
xgboost,primary,13,"{'colsample_bytree': 0.8, 'learning_rate': 0.1, 'max_depth': 2, 'min_child_weight': 20, 'n_estimators': 200, 'reg_lambda': 10.0, 'subsample': 0.8}",1,5595,0.06094727435210009,0.03591186146354228,0.06672211516139674,0.506565867424568,0.05793869249435265,0.05723270410114993
xgboost,primary,13,"{'colsample_bytree': 0.8, 'learning_rate': 0.1, 'max_depth': 2, 'min_child_weight': 20, 'n_estimators': 200, 'reg_lambda': 10.0, 'subsample': 0.8}",2,5594,0.05809796210225241,0.06742306159407002,0.06123850708607008,0.5155031607223675,0.05512802863183825,0.05472258890181766
xgboost,primary,13,"{'colsample_bytree': 0.8, 'learning_rate': 0.1, 'max_depth': 2, 'min_child_weight': 20, 'n_estimators': 200, 'reg_lambda': 10.0, 'subsample': 0.8}",3,5595,0.0741733690795353,0.06265681108777761,0.06979829488668342,0.4621349490626599,0.06948090397123928,0.06867168039892634
xgboost,primary,14,"{'colsample_bytree': 0.8, 'learning_rate': 0.03, 'max_depth': 2, 'min_child_weight': 5, 'n_estimators': 400, 'reg_lambda': 10.0, 'subsample': 0.8}",0,5594,0.039685377189846265,0.02794590790635844,0.04257927506221737,0.5174914303730387,0.03831564085546613,0.038110448027145895
xgboost,primary,14,"{'colsample_bytree': 0.8, 'learning_rate': 0.03, 'max_depth': 2, 'min_child_weight': 5, 'n_estimators': 400, 'reg_lambda': 10.0, 'subsample': 0.8}",1,5595,0.06094727435210009,0.03603131148008708,0.06491989613312443,0.5041671922635121,0.05791664133560281,0.05723270410114993
xgboost,primary,14,"{'colsample_bytree': 0.8, 'learning_rate': 0.03, 'max_depth': 2, 'min_child_weight': 5, 'n_estimators': 400, 'reg_lambda': 10.0, 'subsample': 0.8}",2,5594,0.05809796210225241,0.06664151290027391,0.061263497274413575,0.5153411098296276,0.055033832981544156,0.05472258890181766
xgboost,primary,14,"{'colsample_bytree': 0.8, 'learning_rate': 0.03, 'max_depth': 2, 'min_child_weight': 5, 'n_estimators': 400, 'reg_lambda': 10.0, 'subsample': 0.8}",3,5595,0.0741733690795353,0.061678643321570165,0.07179576055234718,0.4694061962134251,0.06935692422157251,0.06867168039892634
xgboost,primary,15,"{'colsample_bytree': 0.8, 'learning_rate': 0.03, 'max_depth': 3, 'min_child_weight': 5, 'n_estimators': 400, 'reg_lambda': 1.0, 'subsample': 0.8}",0,5594,0.039685377189846265,0.027485280483827916,0.04249926524420576,0.5097842164577087,0.03848002477945851,0.038110448027145895
xgboost,primary,15,"{'colsample_bytree': 0.8, 'learning_rate': 0.03, 'max_depth': 3, 'min_child_weight': 5, 'n_estimators': 400, 'reg_lambda': 1.0, 'subsample': 0.8}",1,5595,0.06094727435210009,0.03597501273266139,0.06244116789572851,0.4997390620970812,0.05806844504123334,0.05723270410114993
xgboost,primary,15,"{'colsample_bytree': 0.8, 'learning_rate': 0.03, 'max_depth': 3, 'min_child_weight': 5, 'n_estimators': 400, 'reg_lambda': 1.0, 'subsample': 0.8}",2,5594,0.05809796210225241,0.06686233586711962,0.061536439136029526,0.5069515453231528,0.05527828156617936,0.05472258890181766
xgboost,primary,15,"{'colsample_bytree': 0.8, 'learning_rate': 0.03, 'max_depth': 3, 'min_child_weight': 5, 'n_estimators': 400, 'reg_lambda': 1.0, 'subsample': 0.8}",3,5595,0.0741733690795353,0.06244294204432068,0.07306594486819899,0.4724915104433177,0.06949869304216795,0.06867168039892634
xgboost,primary,16,"{'colsample_bytree': 0.8, 'learning_rate': 0.1, 'max_depth': 3, 'min_child_weight': 5, 'n_estimators': 200, 'reg_lambda': 1.0, 'subsample': 0.8}",0,5594,0.039685377189846265,0.027169943444987223,0.041222456638147914,0.5127357905187391,0.03869669425830936,0.038110448027145895
xgboost,primary,16,"{'colsample_bytree': 0.8, 'learning_rate': 0.1, 'max_depth': 3, 'min_child_weight': 5, 'n_estimators': 200, 'reg_lambda': 1.0, 'subsample': 0.8}",1,5595,0.06094727435210009,0.03639762514242544,0.06046666702694582,0.4919343675590836,0.05828586280393991,0.05723270410114993
xgboost,primary,16,"{'colsample_bytree': 0.8, 'learning_rate': 0.1, 'max_depth': 3, 'min_child_weight': 5, 'n_estimators': 200, 'reg_lambda': 1.0, 'subsample': 0.8}",2,5594,0.05809796210225241,0.06823598369599737,0.06067803986106029,0.502865526957385,0.05558748029740889,0.05472258890181766
xgboost,primary,16,"{'colsample_bytree': 0.8, 'learning_rate': 0.1, 'max_depth': 3, 'min_child_weight': 5, 'n_estimators': 200, 'reg_lambda': 1.0, 'subsample': 0.8}",3,5595,0.0741733690795353,0.0636615876863287,0.07308141810213331,0.4704488998464902,0.06970686156068402,0.06867168039892634
xgboost,primary,17,"{'colsample_bytree': 0.8, 'learning_rate': 0.1, 'max_depth': 2, 'min_child_weight': 50, 'n_estimators': 100, 'reg_lambda': 10.0, 'subsample': 0.8}",0,5594,0.039685377189846265,0.02832428831041051,0.0388617140943452,0.46594327946710673,0.0382543315327154,0.038110448027145895
xgboost,primary,17,"{'colsample_bytree': 0.8, 'learning_rate': 0.1, 'max_depth': 2, 'min_child_weight': 50, 'n_estimators': 100, 'reg_lambda': 10.0, 'subsample': 0.8}",1,5595,0.06094727435210009,0.0355634217013183,0.0639147914651193,0.4998797173944834,0.05793788321053215,0.05723270410114993
xgboost,primary,17,"{'colsample_bytree': 0.8, 'learning_rate': 0.1, 'max_depth': 2, 'min_child_weight': 50, 'n_estimators': 100, 'reg_lambda': 10.0, 'subsample': 0.8}",2,5594,0.05809796210225241,0.06795570068327729,0.0616666301342533,0.5164424719330774,0.05502445627037388,0.05472258890181766
xgboost,primary,17,"{'colsample_bytree': 0.8, 'learning_rate': 0.1, 'max_depth': 2, 'min_child_weight': 50, 'n_estimators': 100, 'reg_lambda': 10.0, 'subsample': 0.8}",3,5595,0.0741733690795353,0.06116773248571067,0.06587106013989621,0.44702632925524494,0.06948545366336537,0.06867168039892634
xgboost,primary,18,"{'colsample_bytree': 0.8, 'learning_rate': 0.03, 'max_depth': 3, 'min_child_weight': 50, 'n_estimators': 200, 'reg_lambda': 10.0, 'subsample': 0.8}",0,5594,0.039685377189846265,0.02866053570382907,0.039245746008435715,0.46513411214639805,0.03824559491426989,0.038110448027145895
xgboost,primary,18,"{'colsample_bytree': 0.8, 'learning_rate': 0.03, 'max_depth': 3, 'min_child_weight': 50, 'n_estimators': 200, 'reg_lambda': 10.0, 'subsample': 0.8}",1,5595,0.06094727435210009,0.03582299769064536,0.06378364287813448,0.49527437271644453,0.0579232478466461,0.05723270410114993
xgboost,primary,18,"{'colsample_bytree': 0.8, 'learning_rate': 0.03, 'max_depth': 3, 'min_child_weight': 50, 'n_estimators': 200, 'reg_lambda': 10.0, 'subsample': 0.8}",2,5594,0.05809796210225241,0.06672728254899654,0.061779281785810464,0.5139632392659532,0.05496846495986755,0.05472258890181766
xgboost,primary,18,"{'colsample_bytree': 0.8, 'learning_rate': 0.03, 'max_depth': 3, 'min_child_weight': 50, 'n_estimators': 200, 'reg_lambda': 10.0, 'subsample': 0.8}",3,5595,0.0741733690795353,0.06147374156379774,0.06678310607990168,0.45075359352467786,0.06946286014142182,0.06867168039892634
xgboost,primary,19,"{'colsample_bytree': 0.8, 'learning_rate': 0.1, 'max_depth': 2, 'min_child_weight': 5, 'n_estimators': 200, 'reg_lambda': 10.0, 'subsample': 0.8}",0,5594,0.039685377189846265,0.02759610518212452,0.04387158010822798,0.5231170299115199,0.038349345156672744,0.038110448027145895
xgboost,primary,19,"{'colsample_bytree': 0.8, 'learning_rate': 0.1, 'max_depth': 2, 'min_child_weight': 5, 'n_estimators': 200, 'reg_lambda': 10.0, 'subsample': 0.8}",1,5595,0.06094727435210009,0.036039377090631854,0.0634820307590932,0.5001607489113168,0.05798833429089925,0.05723270410114993
xgboost,primary,19,"{'colsample_bytree': 0.8, 'learning_rate': 0.1, 'max_depth': 2, 'min_child_weight': 5, 'n_estimators': 200, 'reg_lambda': 10.0, 'subsample': 0.8}",2,5594,0.05809796210225241,0.06760049238900893,0.06152331927153295,0.514919193541323,0.05513548225561106,0.05472258890181766
xgboost,primary,19,"{'colsample_bytree': 0.8, 'learning_rate': 0.1, 'max_depth': 2, 'min_child_weight': 5, 'n_estimators': 200, 'reg_lambda': 10.0, 'subsample': 0.8}",3,5595,0.0741733690795353,0.06303540986211066,0.07122236298819597,0.46266106898637016,0.06947655863647077,0.06867168039892634
xgboost,primary,20,"{'colsample_bytree': 0.8, 'learning_rate': 0.1, 'max_depth': 3, 'min_child_weight': 20, 'n_estimators': 100, 'reg_lambda': 1.0, 'subsample': 0.8}",0,5594,0.039685377189846265,0.027669957947001944,0.042711895539764136,0.530888809509435,0.03829357786402733,0.038110448027145895
xgboost,primary,20,"{'colsample_bytree': 0.8, 'learning_rate': 0.1, 'max_depth': 3, 'min_child_weight': 20, 'n_estimators': 100, 'reg_lambda': 1.0, 'subsample': 0.8}",1,5595,0.06094727435210009,0.03554268751186889,0.0665830950282933,0.5033076321127207,0.05797523424040604,0.05723270410114993
xgboost,primary,20,"{'colsample_bytree': 0.8, 'learning_rate': 0.1, 'max_depth': 3, 'min_child_weight': 20, 'n_estimators': 100, 'reg_lambda': 1.0, 'subsample': 0.8}",2,5594,0.05809796210225241,0.06703317132693558,0.06165105698000091,0.5091017124837585,0.05517814172435313,0.05472258890181766
xgboost,primary,20,"{'colsample_bytree': 0.8, 'learning_rate': 0.1, 'max_depth': 3, 'min_child_weight': 20, 'n_estimators': 100, 'reg_lambda': 1.0, 'subsample': 0.8}",3,5595,0.0741733690795353,0.06221936809613142,0.06843536239498063,0.4612280783365121,0.06956282803293126,0.06867168039892634
