family,feature_set,candidate_id,params,pr_auc_mean,pr_auc_std,roc_auc_mean,brier_mean,mean_predicted_mean,base_rate_mean
logreg,primary,0,{'C': 0.003},0.06313704837484689,0.01757460670926339,0.5062343729513712,0.055019379996491785,0.04309868763356346,0.058225995680933514
xgboost,primary,3,"{'colsample_bytree': 0.8, 'learning_rate': 0.03, 'max_depth': 2, 'min_child_weight': 5, 'n_estimators': 100, 'reg_lambda': 1.0, 'subsample': 0.8}",0.06258668475703308,0.016555233081521528,0.5009997734220595,0.05505156154161257,0.046795739244101894,0.058225995680933514
xgboost,primary,2,"{'colsample_bytree': 0.8, 'learning_rate': 0.03, 'max_depth': 3, 'min_child_weight': 5, 'n_estimators': 100, 'reg_lambda': 1.0, 'subsample': 0.8}",0.062274006050602654,0.015191786643980644,0.501801669073608,0.055068576565568864,0.04687179647717231,0.058225995680933514
logreg,primary,1,{'C': 0.01},0.06119875409998696,0.0154091743093641,0.5016173436231978,0.055024371102031164,0.04573066854608661,0.058225995680933514
xgboost,primary,0,"{'colsample_bytree': 0.8, 'learning_rate': 0.03, 'max_depth': 2, 'min_child_weight': 5, 'n_estimators': 400, 'reg_lambda': 1.0, 'subsample': 0.8}",0.06107705103715258,0.013751550190600627,0.5025377301428078,0.055173070722915725,0.04802641519691895,0.058225995680933514
xgboost,primary,12,"{'colsample_bytree': 0.8, 'learning_rate': 0.03, 'max_depth': 2, 'min_child_weight': 20, 'n_estimators': 200, 'reg_lambda': 10.0, 'subsample': 0.8}",0.06103058713747213,0.01313359976493487,0.5045306385282371,0.05508585265332699,0.04754202683407455,0.058225995680933514
logreg,primary,5,{'C': 1.0},0.06102052167681438,0.013542947410780349,0.5120137095119133,0.05511548788525197,0.055780037711341594,0.058225995680933514
logreg,primary,3,{'C': 0.1},0.060585161139430986,0.015218696987173085,0.5013280974419594,0.05509198286279182,0.04791168812300582,0.058225995680933514
xgboost,primary,6,"{'colsample_bytree': 0.8, 'learning_rate': 0.03, 'max_depth': 2, 'min_child_weight': 20, 'n_estimators': 400, 'reg_lambda': 1.0, 'subsample': 0.8}",0.06048556594523348,0.012787324616533103,0.5045915961828611,0.05516418751698961,0.04811999459076813,0.058225995680933514
logreg,primary,2,{'C': 0.03},0.060218344956830545,0.014649644078424631,0.5007559057502642,0.05505725198404278,0.04727250164322724,0.058225995680933514
xgboost,primary,14,"{'colsample_bytree': 0.8, 'learning_rate': 0.03, 'max_depth': 2, 'min_child_weight': 5, 'n_estimators': 400, 'reg_lambda': 10.0, 'subsample': 0.8}",0.06013960725552564,0.012494605061734887,0.5016014821699009,0.0551557598485464,0.048074343902072394,0.058225995680933514
xgboost,primary,13,"{'colsample_bytree': 0.8, 'learning_rate': 0.1, 'max_depth': 2, 'min_child_weight': 20, 'n_estimators': 200, 'reg_lambda': 10.0, 'subsample': 0.8}",0.060110010343620464,0.012146636889934424,0.5032436742310245,0.055211863568378976,0.04848673920899244,0.058225995680933514
xgboost,primary,19,"{'colsample_bytree': 0.8, 'learning_rate': 0.1, 'max_depth': 2, 'min_child_weight': 5, 'n_estimators': 200, 'reg_lambda': 10.0, 'subsample': 0.8}",0.06002482328176252,0.011554363306750732,0.5002145103376324,0.055237430084913455,0.048567846130969,0.058225995680933514
xgboost,primary,15,"{'colsample_bytree': 0.8, 'learning_rate': 0.03, 'max_depth': 3, 'min_child_weight': 5, 'n_estimators': 400, 'reg_lambda': 1.0, 'subsample': 0.8}",0.059885704286040696,0.012718258845251067,0.4972415835803151,0.055331361107259794,0.0481913927819824,0.058225995680933514
xgboost,primary,20,"{'colsample_bytree': 0.8, 'learning_rate': 0.1, 'max_depth': 3, 'min_child_weight': 20, 'n_estimators': 100, 'reg_lambda': 1.0, 'subsample': 0.8}",0.05984535248575974,0.011775700410177836,0.5011315581106065,0.05525244546542944,0.04811629622048445,0.058225995680933514
xgboost,primary,4,"{'colsample_bytree': 0.8, 'learning_rate': 0.03, 'max_depth': 3, 'min_child_weight': 20, 'n_estimators': 400, 'reg_lambda': 1.0, 'subsample': 0.8}",0.05972315413245096,0.011484373110650233,0.5008593915761753,0.0552588575011976,0.04839102647267603,0.058225995680933514
xgboost,primary,1,"{'colsample_bytree': 0.8, 'learning_rate': 0.1, 'max_depth': 3, 'min_child_weight': 20, 'n_estimators': 200, 'reg_lambda': 1.0, 'subsample': 0.8}",0.05958724694103164,0.011132613603391675,0.5008414275817811,0.05537279636047144,0.04871991843318813,0.058225995680933514
xgboost,primary,9,"{'colsample_bytree': 0.8, 'learning_rate': 0.1, 'max_depth': 3, 'min_child_weight': 5, 'n_estimators': 100, 'reg_lambda': 1.0, 'subsample': 0.8}",0.059173198857622955,0.013271122008925286,0.4951321642770422,0.055333761866400814,0.04808516868588879,0.058225995680933514
xgboost,primary,10,"{'colsample_bytree': 0.8, 'learning_rate': 0.1, 'max_depth': 2, 'min_child_weight': 20, 'n_estimators': 400, 'reg_lambda': 10.0, 'subsample': 0.8}",0.05890488465379093,0.011362743903345868,0.499339728755105,0.05534663498724313,0.0487618838318494,0.058225995680933514
xgboost,primary,16,"{'colsample_bytree': 0.8, 'learning_rate': 0.1, 'max_depth': 3, 'min_child_weight': 5, 'n_estimators': 200, 'reg_lambda': 1.0, 'subsample': 0.8}",0.05886214540707183,0.013155712297169503,0.4944961462204245,0.05556922473008555,0.048866284992434686,0.058225995680933514
xgboost,primary,11,"{'colsample_bytree': 0.8, 'learning_rate': 0.03, 'max_depth': 3, 'min_child_weight': 50, 'n_estimators': 100, 'reg_lambda': 10.0, 'subsample': 0.8}",0.0588283718938799,0.013773439997078387,0.48428089180759093,0.05508474711062046,0.04724478397660074,0.058225995680933514
xgboost,primary,8,"{'colsample_bytree': 0.8, 'learning_rate': 0.03, 'max_depth': 2, 'min_child_weight': 50, 'n_estimators': 100, 'reg_lambda': 1.0, 'subsample': 0.8}",0.05875629637459037,0.014050664720791152,0.4834095272585529,0.05507587540268026,0.04708510901531253,0.058225995680933514
logreg,primary,4,{'C': 0.3},0.05859727011472912,0.012056727021407355,0.4968978104187678,0.05524723150827128,0.05002669622895359,0.058225995680933514
naive,primary,0,{},0.058225995680933514,0.014206747253211463,0.5,0.05513147762278301,0.03835093566232146,0.058225995680933514
xgboost,primary,18,"{'colsample_bytree': 0.8, 'learning_rate': 0.03, 'max_depth': 3, 'min_child_weight': 50, 'n_estimators': 200, 'reg_lambda': 10.0, 'subsample': 0.8}",0.05789794418807059,0.012603661232544966,0.48128132941336843,0.05515004196555134,0.048171139376817176,0.058225995680933514
xgboost,primary,17,"{'colsample_bytree': 0.8, 'learning_rate': 0.1, 'max_depth': 2, 'min_child_weight': 50, 'n_estimators': 100, 'reg_lambda': 10.0, 'subsample': 0.8}",0.0575785489584035,0.012595581577519686,0.4823229495124781,0.0551755311692467,0.04825278579517919,0.058225995680933514
xgboost,primary,5,"{'colsample_bytree': 0.8, 'learning_rate': 0.1, 'max_depth': 2, 'min_child_weight': 50, 'n_estimators': 200, 'reg_lambda': 1.0, 'subsample': 0.8}",0.057453151316269546,0.012139306851189927,0.4832982963454506,0.055229129216031514,0.04850269235828851,0.058225995680933514
xgboost,primary,7,"{'colsample_bytree': 0.8, 'learning_rate': 0.03, 'max_depth': 3, 'min_child_weight': 50, 'n_estimators': 400, 'reg_lambda': 1.0, 'subsample': 0.8}",0.057428240413911646,0.011952165878517815,0.4811606333442472,0.05524816250001488,0.04865706736785461,0.058225995680933514
