raw_column,availability_at_scoring,decision,model_features,in_primary_model,sensitivity_only,rationale
age,available,use,age,True,False,Client attribute held by the bank before the call.
job,available,use,job,True,False,Client attribute held before the call; 'unknown' kept as a category.
marital,available,use,marital,True,False,Client attribute held before the call; 'unknown' kept as a category.
education,available,use,education,True,False,Client attribute held before the call; 'unknown' kept as a category.
default,available,use,default,True,False,Bank record held before the call; 'unknown' kept as a category.
housing,available,use,housing,True,False,Bank record held before the call; 'unknown' kept as a category.
loan,available,use,loan,True,False,Bank record held before the call; 'unknown' kept as a category.
contact,available,use,contact,True,False,"Channel of the planned call, chosen before dialling."
month,available,sensitivity only,month,False,True,"Month of the call being dialled, known at dial time, so not a leakage risk. Dropped from the primary model on generalisation grounds: with 26 months of data its learned effect is a calendar-period effect, and later months (e.g. March, April, September, December) are absent or rare in earlier training data. Evaluated only in the month sensitivity set."
day_of_week,available,use,day_of_week,True,False,"Weekday of the call being dialled, known at dial time."
duration,unavailable,exclude,,False,False,"Length of the call being scored; known only after it ends, when the outcome is also known. Leakage-demonstration use only."
campaign,questionable,derive,prior_contacts_current_campaign,True,False,"Counts contacts in this campaign including the one being scored (observed minimum is 1). Not used raw; replaced by prior_contacts_current_campaign = campaign - 1, the number of contacts already made, which is known before dialling."
pdays,available,derive (sensitivity only),"prior_contact_days_known, days_since_prior_contact",False,True,"History from an earlier campaign. 999 is a sentinel for 'not previously contacted', so it is split into an indicator plus a days value that is missing when the sentinel is present. The indicator is not 'ever contacted before': some rows have previous > 0 with pdays = 999; previous and poutcome carry that information. Available, but only 6 of 24,712 training rows have a recorded value, too few to learn its effect, so the derived features are kept out of the primary model and evaluated only in a sensitivity set. This is a usefulness decision, not an availability one."
previous,available,use,previous,True,False,Contacts in earlier campaigns; fixed before this campaign.
poutcome,available,use,poutcome,True,False,Outcome of the earlier campaign; fixed before this campaign.
emp.var.rate,questionable,sensitivity only,emp.var.rate,False,True,"The file attaches a same-period value to each call, and the dataset does not document whether that value was available as of the call time. Excluded from the primary deployable model; evaluated only in the extended sensitivity set. These columns also take few distinct values and act as a proxy for the calendar period."
cons.price.idx,questionable,sensitivity only,cons.price.idx,False,True,"The file attaches a same-period value to each call, and the dataset does not document whether that value was available as of the call time. Excluded from the primary deployable model; evaluated only in the extended sensitivity set. These columns also take few distinct values and act as a proxy for the calendar period."
cons.conf.idx,questionable,sensitivity only,cons.conf.idx,False,True,"The file attaches a same-period value to each call, and the dataset does not document whether that value was available as of the call time. Excluded from the primary deployable model; evaluated only in the extended sensitivity set. These columns also take few distinct values and act as a proxy for the calendar period."
euribor3m,questionable,sensitivity only,euribor3m,False,True,"The file attaches a same-period value to each call, and the dataset does not document whether that value was available as of the call time. Excluded from the primary deployable model; evaluated only in the extended sensitivity set. These columns also take few distinct values and act as a proxy for the calendar period."
nr.employed,questionable,sensitivity only,nr.employed,False,True,"The file attaches a same-period value to each call, and the dataset does not document whether that value was available as of the call time. Excluded from the primary deployable model; evaluated only in the extended sensitivity set. These columns also take few distinct values and act as a proxy for the calendar period."
y,unavailable,target,,False,False,The outcome being predicted.
