period,first_row,n_rows,conversion_rate,n_unique_emp.var.rate,n_unique_cons.price.idx,n_unique_cons.conf.idx,n_unique_euribor3m,n_unique_nr.employed
2008-05,0,7763,0.030915883034909185,1,1,1,7,1
2008-06,7763,4374,0.04298125285779607,1,1,1,11,1
2008-07,12137,6685,0.06088257292445774,1,1,1,11,1
2008-08,18822,5175,0.05236714975845411,1,1,1,8,1
2008-10,23997,67,0.6268656716417911,1,1,1,11,1
2008-11,24064,3616,0.05254424778761062,1,1,1,18,1
2008-12,27680,10,0.1,1,1,1,9,1
2009-03,27690,282,0.44680851063829785,1,1,1,22,1
2009-04,27972,2458,0.17982099267697316,1,1,1,17,1
2009-05,30430,5794,0.09043838453572661,1,1,1,14,1
2009-06,36224,715,0.36923076923076925,1,1,1,13,1
2009-07,36939,178,0.3707865168539326,1,1,1,20,1
2009-08,37117,770,0.34285714285714286,1,1,1,17,1
2009-09,37887,267,0.3970037453183521,1,1,1,21,1
2009-10,38154,447,0.40268456375838924,1,1,1,17,1
2009-11,38601,357,0.47058823529411764,1,1,1,7,1
2009-12,38958,172,0.5116279069767442,1,1,1,13,1
2010-03,39130,264,0.5681818181818182,1,1,1,15,1
2010-04,39394,174,0.5574712643678161,1,1,1,12,1
2010-05,39568,212,0.5754716981132075,1,1,1,14,1
2010-06,39780,229,0.4672489082969432,1,1,1,20,1
2010-07,40009,311,0.5659163987138264,1,1,1,21,1
2010-08,40320,233,0.5150214592274678,1,1,1,14,1
2010-09,40553,303,0.49504950495049505,1,1,1,10,1
2010-10,40856,204,0.45588235294117646,1,1,1,20,1
2010-11,41060,128,0.453125,1,1,1,13,1
