feature,mean_abs_contribution,mean_contribution,field
contact,0.2585851115830508,0.22552141096647516,Contact channel
job,0.09046836807295476,0.03536991133023194,Job type
poutcome,0.08468844994887645,-0.040353744923710876,Earlier campaign outcome
day_of_week,0.08426799756531929,-0.007142092661163521,Call weekday
default,0.05951942274899362,0.01844214469681674,Credit in default
previous,0.05499358609531449,-0.04980389973908018,Contacts in earlier campaigns
prior_contacts_current_campaign,0.045532603182169236,0.025389171899778233,Earlier calls in this campaign
education,0.044764780746420686,0.0048026291102587874,Education
marital,0.04295319817073794,0.006279540414931871,Marital status
age,0.03952701642295422,0.005331320873811338,Age
housing,0.0195040268713383,-0.0006389534271815394,Housing loan
loan,0.012493688588780683,0.0019410964160555867,Personal loan
