family,balanced,feature_set,candidate_id,params,fold,n,base_rate,mean_predicted,pr_auc,roc_auc,brier,brier_at_segment_base_rate
naive,False,primary,0,{},0,4942,0.03702954269526507,0.029138000809388907,0.03702954269526507,0.5,0.035720632096381155,0.035658355663044615
naive,False,primary,0,{},1,4943,0.05381347359902893,0.033083771752327,0.05381347359902893,0.5,0.051347304196888696,0.05091758365823555
naive,False,primary,0,{},2,4942,0.06171590449210846,0.039994604437849864,0.06171590449210846,0.5,0.05837886650087655,0.057907051624829405
naive,False,primary,0,{},3,4943,0.05866882460044508,0.045424654762506955,0.05866882460044508,0.5,0.055402201655143445,0.05522679362044729
logreg,False,primary,0,{'C': 0.003},0,4942,0.03702954269526507,0.029064017388302204,0.03985850456673244,0.5100356299309793,0.035719819918993256,0.035658355663044615
logreg,False,primary,0,{'C': 0.003},1,4943,0.05381347359902893,0.03459608985460392,0.05217252618552163,0.4819561733069042,0.05130167744113756,0.05091758365823555
logreg,False,primary,0,{'C': 0.003},2,4942,0.06171590449210846,0.05127519834267227,0.07193649211974301,0.5412742127647538,0.057960901308336366,0.057907051624829405
logreg,False,primary,0,{'C': 0.003},3,4943,0.05866882460044508,0.05445435793721587,0.04851606367902116,0.39822695035461,0.0555406037803694,0.05522679362044729
logreg,False,primary,1,{'C': 0.01},0,4942,0.03702954269526507,0.029042225357162457,0.04087177388811162,0.51320133150074,0.03572233036340671,0.035658355663044615
logreg,False,primary,1,{'C': 0.01},1,4943,0.05381347359902893,0.036158099957202955,0.050990821922376,0.4772973164148344,0.0512793548753052,0.05091758365823555
logreg,False,primary,1,{'C': 0.01},2,4942,0.06171590449210846,0.058750674482065786,0.07479403671568152,0.5414509805307983,0.05785185968370243,0.057907051624829405
logreg,False,primary,1,{'C': 0.01},3,4943,0.05866882460044508,0.05918542880026117,0.04859754299572218,0.39946975255119055,0.05570979942419519,0.05522679362044729
logreg,False,primary,2,{'C': 0.03},0,4942,0.03702954269526507,0.029176497870590047,0.03970428745195174,0.5174624553764682,0.03573277761321868,0.035658355663044615
logreg,False,primary,2,{'C': 0.03},1,4943,0.05381347359902893,0.03769034770868389,0.05078454522694569,0.47766063651752855,0.05128240699548916,0.05091758365823555
logreg,False,primary,2,{'C': 0.03},2,4942,0.06171590449210846,0.0638188010260629,0.07445051797704796,0.5409326974407562,0.057877656468054366,0.057907051624829405
logreg,False,primary,2,{'C': 0.03},3,4943,0.05866882460044508,0.06324520558102795,0.04903059417640213,0.4039058968259262,0.05591471599998713,0.05522679362044729
logreg,False,primary,3,{'C': 0.1},0,4942,0.03702954269526507,0.029543674802795673,0.03952552847961774,0.5222207677831018,0.03576338604462201,0.035658355663044615
logreg,False,primary,3,{'C': 0.1},1,4943,0.05381347359902893,0.03845625350644096,0.05090967612828433,0.4784933790537923,0.051324373810699826,0.05091758365823555
logreg,False,primary,3,{'C': 0.1},2,4942,0.06171590449210846,0.06827204335285918,0.06913040340907448,0.539615424048194,0.05802735103006563,0.057907051624829405
logreg,False,primary,3,{'C': 0.1},3,4943,0.05866882460044508,0.06453875691851475,0.050621866570698226,0.40683022447512546,0.05603840183638474,0.05522679362044729
logreg,False,primary,4,{'C': 0.3},0,4942,0.03702954269526507,0.0295039216659901,0.039245137684574535,0.5208015413992699,0.0358109258059438,0.035658355663044615
logreg,False,primary,4,{'C': 0.3},1,4943,0.05381347359902893,0.039491622121143426,0.051630751466865646,0.4834070423010702,0.051330195357628686,0.05091758365823555
logreg,False,primary,4,{'C': 0.3},2,4942,0.06171590449210846,0.07189233105252858,0.06769158279813105,0.5345329972388876,0.05831826935251614,0.057907051624829405
logreg,False,primary,4,{'C': 0.3},3,4943,0.05866882460044508,0.06730429866088505,0.049481508424428895,0.40996205636704536,0.05616490171062323,0.05522679362044729
logreg,False,primary,5,{'C': 1.0},0,4942,0.03702954269526507,0.037707029370718355,0.0411973625251584,0.5288426759995728,0.035897494384514624,0.035658355663044615
logreg,False,primary,5,{'C': 1.0},1,4943,0.05381347359902893,0.06237144774171035,0.0659182239920663,0.5661210434681958,0.05120427757915343,0.05091758365823555
logreg,False,primary,5,{'C': 1.0},2,4942,0.06171590449210846,0.07865564685447361,0.06716800713912513,0.5323948143408153,0.05915163577548819,0.057907051624829405
logreg,False,primary,5,{'C': 1.0},3,4943,0.05866882460044508,0.06737048312387824,0.04953513246510452,0.4103800291988113,0.05619708120798639,0.05522679362044729
xgboost,False,primary,0,"{'colsample_bytree': 1.0, 'learning_rate': 0.1, 'max_depth': 4, 'min_child_weight': 20, 'n_estimators': 200, 'reg_lambda': 1.0, 'subsample': 0.7}",0,4942,0.03702954269526507,0.028907145400565888,0.04603440457776467,0.549893385785001,0.03570891954663497,0.035658355663044615
xgboost,False,primary,0,"{'colsample_bytree': 1.0, 'learning_rate': 0.1, 'max_depth': 4, 'min_child_weight': 20, 'n_estimators': 200, 'reg_lambda': 1.0, 'subsample': 0.7}",1,4943,0.05381347359902893,0.035867804980940624,0.050917782153501304,0.47465721712877446,0.05189949434698938,0.05091758365823555
xgboost,False,primary,0,"{'colsample_bytree': 1.0, 'learning_rate': 0.1, 'max_depth': 4, 'min_child_weight': 20, 'n_estimators': 200, 'reg_lambda': 1.0, 'subsample': 0.7}",2,4942,0.06171590449210846,0.06900929166722058,0.06269153588690116,0.5004960103515204,0.059164057147660605,0.057907051624829405
xgboost,False,primary,0,"{'colsample_bytree': 1.0, 'learning_rate': 0.1, 'max_depth': 4, 'min_child_weight': 20, 'n_estimators': 200, 'reg_lambda': 1.0, 'subsample': 0.7}",3,4943,0.05866882460044508,0.06478691597296,0.050015470516073274,0.4271863906860238,0.05682660094977543,0.05522679362044729
xgboost,False,primary,1,"{'colsample_bytree': 0.7, 'learning_rate': 0.03, 'max_depth': 4, 'min_child_weight': 1, 'n_estimators': 100, 'reg_lambda': 10.0, 'subsample': 1.0}",0,4942,0.03702954269526507,0.029341809100119787,0.03755745635701811,0.5117866980825516,0.03580551838170452,0.035658355663044615
xgboost,False,primary,1,"{'colsample_bytree': 0.7, 'learning_rate': 0.03, 'max_depth': 4, 'min_child_weight': 1, 'n_estimators': 100, 'reg_lambda': 10.0, 'subsample': 1.0}",1,4943,0.05381347359902893,0.03529141201736979,0.05504303754052239,0.4731432493999591,0.05141838929988077,0.05091758365823555
xgboost,False,primary,1,"{'colsample_bytree': 0.7, 'learning_rate': 0.03, 'max_depth': 4, 'min_child_weight': 1, 'n_estimators': 100, 'reg_lambda': 10.0, 'subsample': 1.0}",2,4942,0.06171590449210846,0.0635085813776533,0.06496910850546134,0.5259198110706116,0.05809215968240689,0.057907051624829405
xgboost,False,primary,1,"{'colsample_bytree': 0.7, 'learning_rate': 0.03, 'max_depth': 4, 'min_child_weight': 1, 'n_estimators': 100, 'reg_lambda': 10.0, 'subsample': 1.0}",3,4943,0.05866882460044508,0.06035132023396399,0.05166741521684948,0.4135448394435922,0.05593324532883863,0.05522679362044729
xgboost,False,primary,2,"{'colsample_bytree': 0.7, 'learning_rate': 0.1, 'max_depth': 4, 'min_child_weight': 1, 'n_estimators': 100, 'reg_lambda': 1.0, 'subsample': 0.7}",0,4942,0.03702954269526507,0.029303068843771388,0.04496986438647149,0.5315473586428705,0.03622173638387846,0.035658355663044615
xgboost,False,primary,2,"{'colsample_bytree': 0.7, 'learning_rate': 0.1, 'max_depth': 4, 'min_child_weight': 1, 'n_estimators': 100, 'reg_lambda': 1.0, 'subsample': 0.7}",1,4943,0.05381347359902893,0.03684944844388878,0.05114586752934385,0.47693962295089876,0.051985708709102754,0.05091758365823555
xgboost,False,primary,2,"{'colsample_bytree': 0.7, 'learning_rate': 0.1, 'max_depth': 4, 'min_child_weight': 1, 'n_estimators': 100, 'reg_lambda': 1.0, 'subsample': 0.7}",2,4942,0.06171590449210846,0.06868753993278048,0.07075845349695012,0.5212142531385117,0.0594513819034132,0.057907051624829405
xgboost,False,primary,2,"{'colsample_bytree': 0.7, 'learning_rate': 0.1, 'max_depth': 4, 'min_child_weight': 1, 'n_estimators': 100, 'reg_lambda': 1.0, 'subsample': 0.7}",3,4943,0.05866882460044508,0.06749438304580702,0.0497258269330927,0.41472909580026235,0.057025705576972854,0.05522679362044729
xgboost,False,primary,3,"{'colsample_bytree': 0.7, 'learning_rate': 0.03, 'max_depth': 2, 'min_child_weight': 20, 'n_estimators': 200, 'reg_lambda': 10.0, 'subsample': 0.7}",0,4942,0.03702954269526507,0.029006248970943053,0.04164868659313556,0.5259037521084583,0.03572381926436284,0.035658355663044615
xgboost,False,primary,3,"{'colsample_bytree': 0.7, 'learning_rate': 0.03, 'max_depth': 2, 'min_child_weight': 20, 'n_estimators': 200, 'reg_lambda': 10.0, 'subsample': 0.7}",1,4943,0.05381347359902893,0.03659105423748216,0.0514264652978813,0.4724648375267868,0.05139113498130828,0.05091758365823555
xgboost,False,primary,3,"{'colsample_bytree': 0.7, 'learning_rate': 0.03, 'max_depth': 2, 'min_child_weight': 20, 'n_estimators': 200, 'reg_lambda': 10.0, 'subsample': 0.7}",2,4942,0.06171590449210846,0.06634913321368875,0.07266044632617737,0.5406290104186922,0.057917602483331776,0.057907051624829405
xgboost,False,primary,3,"{'colsample_bytree': 0.7, 'learning_rate': 0.03, 'max_depth': 2, 'min_child_weight': 20, 'n_estimators': 200, 'reg_lambda': 10.0, 'subsample': 0.7}",3,4943,0.05866882460044508,0.062005304144523946,0.04766607486040101,0.4100761837005417,0.05596098085824803,0.05522679362044729
xgboost,False,primary,4,"{'colsample_bytree': 1.0, 'learning_rate': 0.1, 'max_depth': 3, 'min_child_weight': 20, 'n_estimators': 400, 'reg_lambda': 1.0, 'subsample': 0.7}",0,4942,0.03702954269526507,0.029533582023043035,0.0448930329470844,0.5453291261768038,0.03576269254850995,0.035658355663044615
xgboost,False,primary,4,"{'colsample_bytree': 1.0, 'learning_rate': 0.1, 'max_depth': 3, 'min_child_weight': 20, 'n_estimators': 400, 'reg_lambda': 1.0, 'subsample': 0.7}",1,4943,0.05381347359902893,0.03682831473137574,0.051538913006681494,0.47844957165202934,0.05203775254997862,0.05091758365823555
xgboost,False,primary,4,"{'colsample_bytree': 1.0, 'learning_rate': 0.1, 'max_depth': 3, 'min_child_weight': 20, 'n_estimators': 400, 'reg_lambda': 1.0, 'subsample': 0.7}",2,4942,0.06171590449210846,0.072145754140879,0.06511394956651559,0.5038588403327476,0.05968224614483116,0.057907051624829405
xgboost,False,primary,4,"{'colsample_bytree': 1.0, 'learning_rate': 0.1, 'max_depth': 3, 'min_child_weight': 20, 'n_estimators': 400, 'reg_lambda': 1.0, 'subsample': 0.7}",3,4943,0.05866882460044508,0.06564665704588013,0.05118549347082489,0.43813446274928297,0.05689303418332917,0.05522679362044729
xgboost,False,primary,5,"{'colsample_bytree': 1.0, 'learning_rate': 0.03, 'max_depth': 3, 'min_child_weight': 5, 'n_estimators': 400, 'reg_lambda': 10.0, 'subsample': 1.0}",0,4942,0.03702954269526507,0.02926870400829671,0.044601122293539505,0.5222500479390789,0.03591979270090942,0.035658355663044615
xgboost,False,primary,5,"{'colsample_bytree': 1.0, 'learning_rate': 0.03, 'max_depth': 3, 'min_child_weight': 5, 'n_estimators': 400, 'reg_lambda': 10.0, 'subsample': 1.0}",1,4943,0.05381347359902893,0.03569426434802281,0.04899805916566916,0.4603928840703426,0.05171378231110614,0.05091758365823555
xgboost,False,primary,5,"{'colsample_bytree': 1.0, 'learning_rate': 0.03, 'max_depth': 3, 'min_child_weight': 5, 'n_estimators': 400, 'reg_lambda': 10.0, 'subsample': 1.0}",2,4942,0.06171590449210846,0.06773345195170068,0.06714133249200109,0.5211064248012246,0.05833450997081325,0.057907051624829405
xgboost,False,primary,5,"{'colsample_bytree': 1.0, 'learning_rate': 0.03, 'max_depth': 3, 'min_child_weight': 5, 'n_estimators': 400, 'reg_lambda': 10.0, 'subsample': 1.0}",3,4943,0.05866882460044508,0.06365652874516463,0.04957641321511381,0.41402802789449894,0.056263408121899575,0.05522679362044729
xgboost,False,primary,6,"{'colsample_bytree': 1.0, 'learning_rate': 0.1, 'max_depth': 4, 'min_child_weight': 5, 'n_estimators': 200, 'reg_lambda': 10.0, 'subsample': 0.7}",0,4942,0.03702954269526507,0.029209764304424617,0.04220029022708714,0.5357832212075595,0.03603676563952502,0.035658355663044615
xgboost,False,primary,6,"{'colsample_bytree': 1.0, 'learning_rate': 0.1, 'max_depth': 4, 'min_child_weight': 5, 'n_estimators': 200, 'reg_lambda': 10.0, 'subsample': 0.7}",1,4943,0.05381347359902893,0.03581248694906833,0.051543529531390964,0.4748505323604071,0.052107198798603496,0.05091758365823555
xgboost,False,primary,6,"{'colsample_bytree': 1.0, 'learning_rate': 0.1, 'max_depth': 4, 'min_child_weight': 5, 'n_estimators': 200, 'reg_lambda': 10.0, 'subsample': 0.7}",2,4942,0.06171590449210846,0.06888053969953863,0.0666204366168584,0.5033914663593265,0.059609041977300194,0.057907051624829405
xgboost,False,primary,6,"{'colsample_bytree': 1.0, 'learning_rate': 0.1, 'max_depth': 4, 'min_child_weight': 5, 'n_estimators': 200, 'reg_lambda': 10.0, 'subsample': 0.7}",3,4943,0.05866882460044508,0.06654354435689981,0.05191755061857706,0.44018838420892714,0.05691929810306211,0.05522679362044729
xgboost,False,primary,7,"{'colsample_bytree': 0.7, 'learning_rate': 0.1, 'max_depth': 3, 'min_child_weight': 1, 'n_estimators': 400, 'reg_lambda': 10.0, 'subsample': 0.7}",0,4942,0.03702954269526507,0.030270227925478434,0.044066171645875306,0.5216644448195367,0.03641009693129137,0.035658355663044615
xgboost,False,primary,7,"{'colsample_bytree': 0.7, 'learning_rate': 0.1, 'max_depth': 3, 'min_child_weight': 1, 'n_estimators': 400, 'reg_lambda': 10.0, 'subsample': 0.7}",1,4943,0.05381347359902893,0.03735968857313462,0.05210713120699757,0.4810145151203859,0.052157924579107895,0.05091758365823555
xgboost,False,primary,7,"{'colsample_bytree': 0.7, 'learning_rate': 0.1, 'max_depth': 3, 'min_child_weight': 1, 'n_estimators': 400, 'reg_lambda': 10.0, 'subsample': 0.7}",2,4942,0.06171590449210846,0.07105796226918983,0.06992327429814284,0.5102203586971509,0.05985056647740979,0.057907051624829405
xgboost,False,primary,7,"{'colsample_bytree': 0.7, 'learning_rate': 0.1, 'max_depth': 3, 'min_child_weight': 1, 'n_estimators': 400, 'reg_lambda': 10.0, 'subsample': 0.7}",3,4943,0.05866882460044508,0.06694380997155587,0.04996907743858461,0.42462704817803865,0.05709396425207394,0.05522679362044729
xgboost,False,primary,8,"{'colsample_bytree': 0.7, 'learning_rate': 0.1, 'max_depth': 4, 'min_child_weight': 5, 'n_estimators': 100, 'reg_lambda': 10.0, 'subsample': 1.0}",0,4942,0.03702954269526507,0.02934109659349898,0.04057408609735845,0.5154518846660398,0.035927891485588746,0.035658355663044615
xgboost,False,primary,8,"{'colsample_bytree': 0.7, 'learning_rate': 0.1, 'max_depth': 4, 'min_child_weight': 5, 'n_estimators': 100, 'reg_lambda': 10.0, 'subsample': 1.0}",1,4943,0.05381347359902893,0.036258492149840706,0.04976241446364376,0.46922308979633176,0.05170175069761679,0.05091758365823555
xgboost,False,primary,8,"{'colsample_bytree': 0.7, 'learning_rate': 0.1, 'max_depth': 4, 'min_child_weight': 5, 'n_estimators': 100, 'reg_lambda': 10.0, 'subsample': 1.0}",2,4942,0.06171590449210846,0.06815929361873463,0.06854220310863339,0.5185553124016729,0.05858939061481765,0.057907051624829405
xgboost,False,primary,8,"{'colsample_bytree': 0.7, 'learning_rate': 0.1, 'max_depth': 4, 'min_child_weight': 5, 'n_estimators': 100, 'reg_lambda': 10.0, 'subsample': 1.0}",3,4943,0.05866882460044508,0.06415544580909378,0.05109382383265475,0.41148424820471774,0.05637656695156861,0.05522679362044729
xgboost,False,primary,9,"{'colsample_bytree': 0.7, 'learning_rate': 0.1, 'max_depth': 3, 'min_child_weight': 1, 'n_estimators': 200, 'reg_lambda': 1.0, 'subsample': 0.7}",0,4942,0.03702954269526507,0.028949072293624662,0.04365463663945776,0.5227196786761237,0.03639061800070844,0.035658355663044615
xgboost,False,primary,9,"{'colsample_bytree': 0.7, 'learning_rate': 0.1, 'max_depth': 3, 'min_child_weight': 1, 'n_estimators': 200, 'reg_lambda': 1.0, 'subsample': 0.7}",1,4943,0.05381347359902893,0.035836808539941326,0.050204551315756234,0.47392374457632214,0.052165726957404526,0.05091758365823555
xgboost,False,primary,9,"{'colsample_bytree': 0.7, 'learning_rate': 0.1, 'max_depth': 3, 'min_child_weight': 1, 'n_estimators': 200, 'reg_lambda': 1.0, 'subsample': 0.7}",2,4942,0.06171590449210846,0.06753488287773664,0.06924738222937005,0.5139985929285822,0.059172662501225506,0.057907051624829405
xgboost,False,primary,9,"{'colsample_bytree': 0.7, 'learning_rate': 0.1, 'max_depth': 3, 'min_child_weight': 1, 'n_estimators': 200, 'reg_lambda': 1.0, 'subsample': 0.7}",3,4943,0.05866882460044508,0.0660918003941852,0.04819637362963595,0.41415512424316536,0.05717752104634008,0.05522679362044729
xgboost,False,primary,10,"{'colsample_bytree': 0.7, 'learning_rate': 0.1, 'max_depth': 3, 'min_child_weight': 1, 'n_estimators': 400, 'reg_lambda': 1.0, 'subsample': 1.0}",0,4942,0.03702954269526507,0.029531615580868344,0.04181770747993066,0.5341165487996857,0.036729088302970565,0.035658355663044615
xgboost,False,primary,10,"{'colsample_bytree': 0.7, 'learning_rate': 0.1, 'max_depth': 3, 'min_child_weight': 1, 'n_estimators': 400, 'reg_lambda': 1.0, 'subsample': 1.0}",1,4943,0.05381347359902893,0.0382845694224381,0.04868925314508232,0.46913949402049054,0.052842223673460614,0.05091758365823555
xgboost,False,primary,10,"{'colsample_bytree': 0.7, 'learning_rate': 0.1, 'max_depth': 3, 'min_child_weight': 1, 'n_estimators': 400, 'reg_lambda': 1.0, 'subsample': 1.0}",2,4942,0.06171590449210846,0.06814912577852941,0.06435057207308964,0.5062787910498945,0.059771959118752264,0.057907051624829405
xgboost,False,primary,10,"{'colsample_bytree': 0.7, 'learning_rate': 0.1, 'max_depth': 3, 'min_child_weight': 1, 'n_estimators': 400, 'reg_lambda': 1.0, 'subsample': 1.0}",3,4943,0.05866882460044508,0.06813205483750429,0.052727685404689834,0.43044791272964417,0.057081626622197866,0.05522679362044729
xgboost,False,primary,11,"{'colsample_bytree': 0.7, 'learning_rate': 0.03, 'max_depth': 3, 'min_child_weight': 20, 'n_estimators': 400, 'reg_lambda': 10.0, 'subsample': 0.7}",0,4942,0.03702954269526507,0.029262279476540767,0.0427403849800639,0.5330882986162543,0.03572330001761372,0.035658355663044615
xgboost,False,primary,11,"{'colsample_bytree': 0.7, 'learning_rate': 0.03, 'max_depth': 3, 'min_child_weight': 20, 'n_estimators': 400, 'reg_lambda': 10.0, 'subsample': 0.7}",1,4943,0.05381347359902893,0.03764092875974286,0.05186741553315748,0.4778250147498316,0.05152576315828084,0.05091758365823555
xgboost,False,primary,11,"{'colsample_bytree': 0.7, 'learning_rate': 0.03, 'max_depth': 3, 'min_child_weight': 20, 'n_estimators': 400, 'reg_lambda': 10.0, 'subsample': 0.7}",2,4942,0.06171590449210846,0.0670328288066202,0.06833752138042476,0.5294724896325705,0.05819698414603555,0.057907051624829405
xgboost,False,primary,11,"{'colsample_bytree': 0.7, 'learning_rate': 0.03, 'max_depth': 3, 'min_child_weight': 20, 'n_estimators': 400, 'reg_lambda': 10.0, 'subsample': 0.7}",3,4943,0.05866882460044508,0.06630405835805817,0.048255623336965106,0.4144308084513514,0.05640204047067996,0.05522679362044729
xgboost,False,primary,12,"{'colsample_bytree': 0.7, 'learning_rate': 0.1, 'max_depth': 4, 'min_child_weight': 5, 'n_estimators': 200, 'reg_lambda': 10.0, 'subsample': 1.0}",0,4942,0.03702954269526507,0.029464051519693578,0.04309411756837118,0.5304651411131283,0.03606203881995071,0.035658355663044615
xgboost,False,primary,12,"{'colsample_bytree': 0.7, 'learning_rate': 0.1, 'max_depth': 4, 'min_child_weight': 5, 'n_estimators': 200, 'reg_lambda': 10.0, 'subsample': 1.0}",1,4943,0.05381347359902893,0.03716357198845118,0.049174248713414255,0.46293974191411824,0.05203575690930439,0.05091758365823555
xgboost,False,primary,12,"{'colsample_bytree': 0.7, 'learning_rate': 0.1, 'max_depth': 4, 'min_child_weight': 5, 'n_estimators': 200, 'reg_lambda': 10.0, 'subsample': 1.0}",2,4942,0.06171590449210846,0.06969120154390583,0.06749959356549387,0.5161802606971014,0.05911398660227926,0.057907051624829405
xgboost,False,primary,12,"{'colsample_bytree': 0.7, 'learning_rate': 0.1, 'max_depth': 4, 'min_child_weight': 5, 'n_estimators': 200, 'reg_lambda': 10.0, 'subsample': 1.0}",3,4943,0.05866882460044508,0.06573276918482442,0.049017890728199356,0.40816418032118695,0.056741169468996204,0.05522679362044729
xgboost,False,primary,13,"{'colsample_bytree': 1.0, 'learning_rate': 0.1, 'max_depth': 2, 'min_child_weight': 1, 'n_estimators': 400, 'reg_lambda': 10.0, 'subsample': 0.7}",0,4942,0.03702954269526507,0.029657733632670547,0.04519103300184452,0.5264302207953409,0.03600702424517814,0.035658355663044615
xgboost,False,primary,13,"{'colsample_bytree': 1.0, 'learning_rate': 0.1, 'max_depth': 2, 'min_child_weight': 1, 'n_estimators': 400, 'reg_lambda': 10.0, 'subsample': 0.7}",1,4943,0.05381347359902893,0.03663154426827799,0.05038132023207208,0.47667316141540506,0.05186748748019745,0.05091758365823555
xgboost,False,primary,13,"{'colsample_bytree': 1.0, 'learning_rate': 0.1, 'max_depth': 2, 'min_child_weight': 1, 'n_estimators': 400, 'reg_lambda': 10.0, 'subsample': 0.7}",2,4942,0.06171590449210846,0.0701421206540574,0.06739258718586004,0.5251784470598218,0.05881176011232479,0.057907051624829405
xgboost,False,primary,13,"{'colsample_bytree': 1.0, 'learning_rate': 0.1, 'max_depth': 2, 'min_child_weight': 1, 'n_estimators': 400, 'reg_lambda': 10.0, 'subsample': 0.7}",3,4943,0.05866882460044508,0.0684204215097938,0.04926816602221282,0.4192552820946071,0.05684038814026276,0.05522679362044729
xgboost,False,primary,14,"{'colsample_bytree': 0.7, 'learning_rate': 0.03, 'max_depth': 3, 'min_child_weight': 1, 'n_estimators': 100, 'reg_lambda': 10.0, 'subsample': 1.0}",0,4942,0.03702954269526507,0.029302296486130277,0.03943359783178357,0.5103100596281764,0.03579057334729121,0.035658355663044615
xgboost,False,primary,14,"{'colsample_bytree': 0.7, 'learning_rate': 0.03, 'max_depth': 3, 'min_child_weight': 1, 'n_estimators': 100, 'reg_lambda': 10.0, 'subsample': 1.0}",1,4943,0.05381347359902893,0.03540487847988624,0.05457559935128219,0.46335249605733386,0.051401105170162754,0.05091758365823555
xgboost,False,primary,14,"{'colsample_bytree': 0.7, 'learning_rate': 0.03, 'max_depth': 3, 'min_child_weight': 1, 'n_estimators': 100, 'reg_lambda': 10.0, 'subsample': 1.0}",2,4942,0.06171590449210846,0.06286706061463145,0.06735952442886073,0.5344944618658898,0.05794480183953369,0.057907051624829405
xgboost,False,primary,14,"{'colsample_bytree': 0.7, 'learning_rate': 0.03, 'max_depth': 3, 'min_child_weight': 1, 'n_estimators': 100, 'reg_lambda': 10.0, 'subsample': 1.0}",3,4943,0.05866882460044508,0.06081605914489547,0.050131515464053686,0.4198296241949947,0.05586775970142972,0.05522679362044729
xgboost,False,primary,15,"{'colsample_bytree': 0.7, 'learning_rate': 0.1, 'max_depth': 3, 'min_child_weight': 20, 'n_estimators': 200, 'reg_lambda': 1.0, 'subsample': 1.0}",0,4942,0.03702954269526507,0.029838863930215315,0.04303242901516177,0.5416593466276723,0.03582689380030907,0.035658355663044615
xgboost,False,primary,15,"{'colsample_bytree': 0.7, 'learning_rate': 0.1, 'max_depth': 3, 'min_child_weight': 20, 'n_estimators': 200, 'reg_lambda': 1.0, 'subsample': 1.0}",1,4943,0.05381347359902893,0.037505376458864405,0.05067662976093734,0.475913163280234,0.05177282663069024,0.05091758365823555
xgboost,False,primary,15,"{'colsample_bytree': 0.7, 'learning_rate': 0.1, 'max_depth': 3, 'min_child_weight': 20, 'n_estimators': 200, 'reg_lambda': 1.0, 'subsample': 1.0}",2,4942,0.06171590449210846,0.0696436121879098,0.06714057355440066,0.5163184930901481,0.05885996539351387,0.057907051624829405
xgboost,False,primary,15,"{'colsample_bytree': 0.7, 'learning_rate': 0.1, 'max_depth': 3, 'min_child_weight': 20, 'n_estimators': 200, 'reg_lambda': 1.0, 'subsample': 1.0}",3,4943,0.05866882460044508,0.06653415353189843,0.048624579997600226,0.41855495527542486,0.05658773157171545,0.05522679362044729
xgboost,False,primary,16,"{'colsample_bytree': 1.0, 'learning_rate': 0.1, 'max_depth': 3, 'min_child_weight': 5, 'n_estimators': 400, 'reg_lambda': 10.0, 'subsample': 0.7}",0,4942,0.03702954269526507,0.02958547865803448,0.04128583074356683,0.5222374172835594,0.03628290848067079,0.035658355663044615
xgboost,False,primary,16,"{'colsample_bytree': 1.0, 'learning_rate': 0.1, 'max_depth': 3, 'min_child_weight': 5, 'n_estimators': 400, 'reg_lambda': 10.0, 'subsample': 0.7}",1,4943,0.05381347359902893,0.036860594822918334,0.04934797710710222,0.46917968429733736,0.05237274831563631,0.05091758365823555
xgboost,False,primary,16,"{'colsample_bytree': 1.0, 'learning_rate': 0.1, 'max_depth': 3, 'min_child_weight': 5, 'n_estimators': 400, 'reg_lambda': 10.0, 'subsample': 0.7}",2,4942,0.06171590449210846,0.07473526842374308,0.06550207267485975,0.5034102037425272,0.06034359696089179,0.057907051624829405
xgboost,False,primary,16,"{'colsample_bytree': 1.0, 'learning_rate': 0.1, 'max_depth': 3, 'min_child_weight': 5, 'n_estimators': 400, 'reg_lambda': 10.0, 'subsample': 0.7}",3,4943,0.05866882460044508,0.0666634592209927,0.05020830547605924,0.4317488902228447,0.0572811197308604,0.05522679362044729
xgboost,False,primary,17,"{'colsample_bytree': 0.7, 'learning_rate': 0.03, 'max_depth': 4, 'min_child_weight': 1, 'n_estimators': 100, 'reg_lambda': 1.0, 'subsample': 0.7}",0,4942,0.03702954269526507,0.029367855149243994,0.03817154153572147,0.5016569123558814,0.035912271288958686,0.035658355663044615
xgboost,False,primary,17,"{'colsample_bytree': 0.7, 'learning_rate': 0.03, 'max_depth': 4, 'min_child_weight': 1, 'n_estimators': 100, 'reg_lambda': 1.0, 'subsample': 0.7}",1,4943,0.05381347359902893,0.036177466423391105,0.053839246662032506,0.4748264181942991,0.0514750465564445,0.05091758365823555
xgboost,False,primary,17,"{'colsample_bytree': 0.7, 'learning_rate': 0.03, 'max_depth': 4, 'min_child_weight': 1, 'n_estimators': 100, 'reg_lambda': 1.0, 'subsample': 0.7}",2,4942,0.06171590449210846,0.06455314879557053,0.06663711693268087,0.5260735990270702,0.05817641510922747,0.057907051624829405
xgboost,False,primary,17,"{'colsample_bytree': 0.7, 'learning_rate': 0.03, 'max_depth': 4, 'min_child_weight': 1, 'n_estimators': 100, 'reg_lambda': 1.0, 'subsample': 0.7}",3,4943,0.05866882460044508,0.06293660302175616,0.049137840323957696,0.40672832507021794,0.056078315799907345,0.05522679362044729
xgboost,False,primary,18,"{'colsample_bytree': 0.7, 'learning_rate': 0.03, 'max_depth': 2, 'min_child_weight': 1, 'n_estimators': 400, 'reg_lambda': 1.0, 'subsample': 1.0}",0,4942,0.03702954269526507,0.0293584660009207,0.039428258665997966,0.5258836578837681,0.03583172527703487,0.035658355663044615
xgboost,False,primary,18,"{'colsample_bytree': 0.7, 'learning_rate': 0.03, 'max_depth': 2, 'min_child_weight': 1, 'n_estimators': 400, 'reg_lambda': 1.0, 'subsample': 1.0}",1,4943,0.05381347359902893,0.03625133350604006,0.0519764047178385,0.4792244401896338,0.051478420401389516,0.05091758365823555
xgboost,False,primary,18,"{'colsample_bytree': 0.7, 'learning_rate': 0.03, 'max_depth': 2, 'min_child_weight': 1, 'n_estimators': 400, 'reg_lambda': 1.0, 'subsample': 1.0}",2,4942,0.06171590449210846,0.06464052143216868,0.06720344350127092,0.5364682507415408,0.05806190889596661,0.057907051624829405
xgboost,False,primary,18,"{'colsample_bytree': 0.7, 'learning_rate': 0.03, 'max_depth': 2, 'min_child_weight': 1, 'n_estimators': 400, 'reg_lambda': 1.0, 'subsample': 1.0}",3,4943,0.05866882460044508,0.0632667869357997,0.0486525031027481,0.41464757627633636,0.05606511303532264,0.05522679362044729
xgboost,False,primary,19,"{'colsample_bytree': 1.0, 'learning_rate': 0.03, 'max_depth': 3, 'min_child_weight': 20, 'n_estimators': 200, 'reg_lambda': 1.0, 'subsample': 0.7}",0,4942,0.03702954269526507,0.02921233835107357,0.044310240915130604,0.5395328035347464,0.035701994647681444,0.035658355663044615
xgboost,False,primary,19,"{'colsample_bytree': 1.0, 'learning_rate': 0.03, 'max_depth': 3, 'min_child_weight': 20, 'n_estimators': 200, 'reg_lambda': 1.0, 'subsample': 0.7}",1,4943,0.05381347359902893,0.03566115113940288,0.05133663018747166,0.4765248592938408,0.05153266063872555,0.05091758365823555
xgboost,False,primary,19,"{'colsample_bytree': 1.0, 'learning_rate': 0.03, 'max_depth': 3, 'min_child_weight': 20, 'n_estimators': 200, 'reg_lambda': 1.0, 'subsample': 0.7}",2,4942,0.06171590449210846,0.06595865580679579,0.06935219377770237,0.5263380436050725,0.05812627677370073,0.057907051624829405
xgboost,False,primary,19,"{'colsample_bytree': 1.0, 'learning_rate': 0.03, 'max_depth': 3, 'min_child_weight': 20, 'n_estimators': 200, 'reg_lambda': 1.0, 'subsample': 0.7}",3,4943,0.05866882460044508,0.06327712175274472,0.048272771128485735,0.41351260217731234,0.056188613867632554,0.05522679362044729
logreg,True,primary,0,{'C': 1.0},0,4942,0.03702954269526507,0.4738309023362211,0.03930965759714329,0.5168998170851432,0.2408350987375596,0.035658355663044615
logreg,True,primary,0,{'C': 1.0},1,4943,0.05381347359902893,0.5339277227867628,0.05150320103092419,0.48706918032734176,0.289697613587645,0.05091758365823555
logreg,True,primary,0,{'C': 1.0},2,4942,0.06171590449210846,0.6257398857149862,0.06784223344737532,0.5325404709800359,0.3939772240894394,0.057907051624829405
logreg,True,primary,0,{'C': 1.0},3,4943,0.05866882460044508,0.5902497713342512,0.052700051089137806,0.41035112682214664,0.34600841906897956,0.05522679362044729
xgboost,True,primary,0,"{'colsample_bytree': 0.7, 'learning_rate': 0.1, 'max_depth': 4, 'min_child_weight': 1, 'n_estimators': 100, 'reg_lambda': 1.0, 'subsample': 0.7}",0,4942,0.03702954269526507,0.32710124648854366,0.03817728995165875,0.5017906824802474,0.15328955719895326,0.035658355663044615
xgboost,True,primary,0,"{'colsample_bytree': 0.7, 'learning_rate': 0.1, 'max_depth': 4, 'min_child_weight': 1, 'n_estimators': 100, 'reg_lambda': 1.0, 'subsample': 0.7}",1,4943,0.05381347359902893,0.4017434160426883,0.05274403877397946,0.4906830900213974,0.19636548569559342,0.05091758365823555
xgboost,True,primary,0,"{'colsample_bytree': 0.7, 'learning_rate': 0.1, 'max_depth': 4, 'min_child_weight': 1, 'n_estimators': 100, 'reg_lambda': 1.0, 'subsample': 0.7}",2,4942,0.06171590449210846,0.5158122888348246,0.06873824382352185,0.5295378937060069,0.29846547923680306,0.057907051624829405
xgboost,True,primary,0,"{'colsample_bytree': 0.7, 'learning_rate': 0.1, 'max_depth': 4, 'min_child_weight': 1, 'n_estimators': 100, 'reg_lambda': 1.0, 'subsample': 0.7}",3,4943,0.05866882460044508,0.5209388451561431,0.05044878554356264,0.4360171783869509,0.2875996569957062,0.05522679362044729
