family,balanced,feature_set,candidate_id,params,pr_auc_mean,pr_auc_std,roc_auc_mean,brier_mean,mean_predicted_mean,base_rate_mean
logreg,False,primary,5,{'C': 1.0},0.05595468153036359,0.012701704925152364,0.5094346407518487,0.050612622236785657,0.06152615177269514,0.05280693634671189
xgboost,False,primary,2,"{'colsample_bytree': 0.7, 'learning_rate': 0.1, 'max_depth': 4, 'min_child_weight': 1, 'n_estimators': 100, 'reg_lambda': 1.0, 'subsample': 0.7}",0.054150003086464546,0.011382936596360499,0.4861075826331358,0.05117113314334182,0.05058361006656192,0.05280693634671189
xgboost,False,primary,7,"{'colsample_bytree': 0.7, 'learning_rate': 0.1, 'max_depth': 3, 'min_child_weight': 1, 'n_estimators': 400, 'reg_lambda': 10.0, 'subsample': 0.7}",0.054016413647400084,0.011136453975951746,0.48438159170377804,0.051378138059970754,0.05140792218483969,0.05280693634671189
logreg,False,primary,1,{'C': 0.01},0.053813543880472825,0.01463836186902831,0.4828548452493908,0.05014083608665238,0.045784107149173095,0.05280693634671189
logreg,False,primary,2,{'C': 0.03},0.05349248620808688,0.014794086041695,0.4849904215401698,0.05020188926918733,0.04848271304659119,0.05280693634671189
xgboost,False,primary,3,"{'colsample_bytree': 0.7, 'learning_rate': 0.03, 'max_depth': 2, 'min_child_weight': 20, 'n_estimators': 200, 'reg_lambda': 10.0, 'subsample': 0.7}",0.053350418269398805,0.013488526764190689,0.48726844593861973,0.05024838439681273,0.04848793514165947,0.05280693634671189
xgboost,False,primary,19,"{'colsample_bytree': 1.0, 'learning_rate': 0.03, 'max_depth': 3, 'min_child_weight': 20, 'n_estimators': 200, 'reg_lambda': 1.0, 'subsample': 0.7}",0.053317959002197594,0.01106970723077464,0.488977077152743,0.05038738648193507,0.04852731676250424,0.05280693634671189
xgboost,False,primary,4,"{'colsample_bytree': 1.0, 'learning_rate': 0.1, 'max_depth': 3, 'min_child_weight': 20, 'n_estimators': 400, 'reg_lambda': 1.0, 'subsample': 0.7}",0.053182847247776596,0.008519862392854476,0.4914430002277159,0.05109393135666222,0.05103857698529447,0.05280693634671189
logreg,False,primary,0,{'C': 0.003},0.05312089663775456,0.01356492498910137,0.48287324158931183,0.050130750612209146,0.04234741588069857,0.05280693634671189
xgboost,False,primary,6,"{'colsample_bytree': 1.0, 'learning_rate': 0.1, 'max_depth': 4, 'min_child_weight': 5, 'n_estimators': 200, 'reg_lambda': 10.0, 'subsample': 0.7}",0.053070451748478395,0.010089981399170583,0.4885534010340551,0.05116807612962271,0.05011158382748285,0.05280693634671189
xgboost,False,primary,13,"{'colsample_bytree': 1.0, 'learning_rate': 0.1, 'max_depth': 2, 'min_child_weight': 1, 'n_estimators': 400, 'reg_lambda': 10.0, 'subsample': 0.7}",0.05305827661049736,0.009813205650079582,0.4868842778412937,0.05088166499449079,0.051212955016199935,0.05280693634671189
xgboost,False,primary,14,"{'colsample_bytree': 0.7, 'learning_rate': 0.03, 'max_depth': 3, 'min_child_weight': 1, 'n_estimators': 100, 'reg_lambda': 10.0, 'subsample': 1.0}",0.05287505926899505,0.011559865710242243,0.4819966604365987,0.050251060014604346,0.04709757368138586,0.05280693634671189
logreg,True,primary,0,{'C': 1.0},0.05283878579114515,0.011689650482830959,0.4867151488036669,0.31762958887090587,0.5559370705430553,0.05280693634671189
xgboost,False,primary,9,"{'colsample_bytree': 0.7, 'learning_rate': 0.1, 'max_depth': 3, 'min_child_weight': 1, 'n_estimators': 200, 'reg_lambda': 1.0, 'subsample': 0.7}",0.052825735953555,0.011285405523190536,0.48119928510604837,0.05122663212641964,0.04960314102637196,0.05280693634671189
naive,False,primary,0,{},0.05280693634671189,0.011010157658392273,0.5,0.05021225111232246,0.03691025794051818,0.05280693634671189
xgboost,False,primary,11,"{'colsample_bytree': 0.7, 'learning_rate': 0.03, 'max_depth': 3, 'min_child_weight': 20, 'n_estimators': 400, 'reg_lambda': 10.0, 'subsample': 0.7}",0.052800236307652806,0.011017130567385312,0.4887041528625019,0.05046202194815252,0.0500600238502405,0.05280693634671189
xgboost,False,primary,5,"{'colsample_bytree': 1.0, 'learning_rate': 0.03, 'max_depth': 3, 'min_child_weight': 5, 'n_estimators': 400, 'reg_lambda': 10.0, 'subsample': 1.0}",0.05257923179158089,0.00995902814454757,0.4794443461762863,0.050557873276182094,0.04908823726329621,0.05280693634671189
logreg,False,primary,3,{'C': 0.1},0.052546868646918696,0.012260437149584294,0.4867899488400534,0.05028837818044305,0.05020268214515264,0.05280693634671189
xgboost,True,primary,0,"{'colsample_bytree': 0.7, 'learning_rate': 0.1, 'max_depth': 4, 'min_child_weight': 1, 'n_estimators': 100, 'reg_lambda': 1.0, 'subsample': 0.7}",0.05252708952318067,0.012557662812023572,0.48950721114865064,0.233930044781764,0.4413989491305499,0.05280693634671189
xgboost,False,primary,8,"{'colsample_bytree': 0.7, 'learning_rate': 0.1, 'max_depth': 4, 'min_child_weight': 5, 'n_estimators': 100, 'reg_lambda': 10.0, 'subsample': 1.0}",0.052493131875572585,0.011676917691037734,0.47867863376719055,0.05064889993739795,0.04947858204279203,0.05280693634671189
xgboost,False,primary,0,"{'colsample_bytree': 1.0, 'learning_rate': 0.1, 'max_depth': 4, 'min_child_weight': 20, 'n_estimators': 200, 'reg_lambda': 1.0, 'subsample': 0.7}",0.052414798283560105,0.007172135680032077,0.4880582509878299,0.0508997679977651,0.04964278950542178,0.05280693634671189
xgboost,False,primary,15,"{'colsample_bytree': 0.7, 'learning_rate': 0.1, 'max_depth': 3, 'min_child_weight': 20, 'n_estimators': 200, 'reg_lambda': 1.0, 'subsample': 1.0}",0.052368553082024996,0.010364293518445688,0.4881114895683698,0.05076185434905715,0.05088050152722199,0.05280693634671189
xgboost,False,primary,1,"{'colsample_bytree': 0.7, 'learning_rate': 0.03, 'max_depth': 4, 'min_child_weight': 1, 'n_estimators': 100, 'reg_lambda': 10.0, 'subsample': 1.0}",0.05230925440496283,0.011339796871621679,0.48109864949917863,0.0503123281732077,0.04712328068227672,0.05280693634671189
xgboost,False,primary,12,"{'colsample_bytree': 0.7, 'learning_rate': 0.1, 'max_depth': 4, 'min_child_weight': 5, 'n_estimators': 200, 'reg_lambda': 10.0, 'subsample': 1.0}",0.052196462643869665,0.010587344620541847,0.47943733101138375,0.050988237950132645,0.050512898559218755,0.05280693634671189
logreg,False,primary,4,{'C': 0.3},0.05201224509350003,0.011767056101991526,0.4871759093265683,0.050406073056677964,0.05204804337513679,0.05280693634671189
xgboost,False,primary,17,"{'colsample_bytree': 0.7, 'learning_rate': 0.03, 'max_depth': 4, 'min_child_weight': 1, 'n_estimators': 100, 'reg_lambda': 1.0, 'subsample': 0.7}",0.051946436363598136,0.011790317576181337,0.47732131366186714,0.0504105121886345,0.04825876834749045,0.05280693634671189
xgboost,False,primary,10,"{'colsample_bytree': 0.7, 'learning_rate': 0.1, 'max_depth': 3, 'min_child_weight': 1, 'n_estimators': 400, 'reg_lambda': 1.0, 'subsample': 1.0}",0.051896304525698114,0.009445691632993759,0.4849956866499287,0.05160622442934533,0.051024341404835034,0.05280693634671189
xgboost,False,primary,18,"{'colsample_bytree': 0.7, 'learning_rate': 0.03, 'max_depth': 2, 'min_child_weight': 1, 'n_estimators': 400, 'reg_lambda': 1.0, 'subsample': 1.0}",0.05181515249696387,0.011550800726678774,0.4890559812728198,0.05035929190242841,0.04837927696873229,0.05280693634671189
xgboost,False,primary,16,"{'colsample_bytree': 1.0, 'learning_rate': 0.1, 'max_depth': 3, 'min_child_weight': 5, 'n_estimators': 400, 'reg_lambda': 10.0, 'subsample': 0.7}",0.05158604650039701,0.010110347077209746,0.4816440488865672,0.05157009337201482,0.05196120028142215,0.05280693634671189
