age,job,marital_status,education,credit_default,housing_loan,personal_loan,contact_channel,call_weekday,earlier_calls_this_campaign,earlier_campaign_contacts,previous_campaign_outcome
44,admin.,married,unknown,no,no,no,cellular,wed,3,1,failure
28,blue-collar,single,high.school,no,no,yes,cellular,thu,0,1,failure
28,technician,single,professional.course,no,yes,no,cellular,thu,0,2,failure
49,housemaid,married,basic.4y,no,no,no,cellular,fri,0,0,nonexistent
32,blue-collar,married,basic.9y,no,yes,yes,cellular,fri,1,0,nonexistent
44,technician,married,unknown,no,yes,no,cellular,mon,0,1,failure
44,technician,divorced,professional.course,no,no,no,cellular,tue,0,0,nonexistent
32,technician,single,university.degree,no,no,no,cellular,tue,3,0,nonexistent
72,retired,married,basic.4y,no,unknown,unknown,cellular,tue,0,0,nonexistent
40,services,married,high.school,no,yes,no,cellular,tue,1,0,nonexistent
43,technician,single,professional.course,unknown,yes,no,cellular,wed,0,0,nonexistent
27,technician,single,basic.9y,no,yes,no,telephone,wed,1,0,nonexistent
39,blue-collar,married,basic.9y,no,yes,no,cellular,wed,0,1,failure
29,technician,married,university.degree,no,unknown,unknown,cellular,wed,0,0,nonexistent
46,services,married,high.school,no,yes,no,cellular,wed,1,0,nonexistent
34,services,married,high.school,no,no,no,cellular,wed,1,1,failure
34,services,divorced,high.school,no,yes,yes,cellular,wed,0,1,failure
35,services,married,high.school,unknown,yes,no,cellular,wed,1,0,nonexistent
32,self-employed,single,university.degree,no,no,no,cellular,thu,0,0,nonexistent
33,technician,single,university.degree,no,yes,no,cellular,thu,1,0,nonexistent
29,blue-collar,married,basic.9y,no,yes,no,cellular,thu,1,0,nonexistent
41,technician,married,high.school,no,yes,yes,cellular,tue,1,0,nonexistent
28,blue-collar,single,university.degree,no,yes,no,cellular,tue,0,0,nonexistent
30,admin.,single,university.degree,no,yes,yes,cellular,tue,0,0,nonexistent
57,technician,married,professional.course,no,yes,no,cellular,tue,0,0,nonexistent
56,blue-collar,married,basic.9y,unknown,no,yes,cellular,wed,1,0,nonexistent
45,services,married,high.school,no,yes,no,cellular,wed,3,0,nonexistent
36,self-employed,divorced,basic.9y,no,yes,no,cellular,wed,0,0,nonexistent
32,admin.,married,university.degree,no,yes,no,cellular,wed,0,0,nonexistent
32,unemployed,single,university.degree,no,yes,no,cellular,wed,0,0,nonexistent
30,admin.,married,university.degree,no,no,no,cellular,wed,1,0,nonexistent
57,technician,married,university.degree,no,yes,no,cellular,thu,0,0,nonexistent
57,retired,married,basic.4y,no,no,no,cellular,thu,1,1,failure
32,blue-collar,married,basic.9y,no,yes,no,cellular,thu,0,1,failure
31,blue-collar,married,basic.4y,no,yes,no,cellular,thu,0,1,failure
55,management,married,basic.4y,unknown,no,no,cellular,thu,0,0,nonexistent
28,blue-collar,single,basic.9y,unknown,yes,no,cellular,thu,0,0,nonexistent
28,technician,single,high.school,no,yes,yes,cellular,thu,3,1,failure
38,technician,divorced,high.school,no,yes,yes,cellular,thu,2,1,failure
44,entrepreneur,divorced,university.degree,no,yes,no,cellular,thu,0,1,failure
42,blue-collar,married,basic.4y,no,no,yes,cellular,thu,2,0,nonexistent
35,blue-collar,married,basic.4y,no,yes,no,cellular,fri,0,0,nonexistent
54,retired,married,basic.4y,no,yes,no,cellular,fri,0,0,nonexistent
36,self-employed,married,basic.9y,no,yes,no,cellular,fri,0,1,failure
35,admin.,single,university.degree,no,yes,no,cellular,fri,0,0,nonexistent
39,management,married,university.degree,no,yes,no,cellular,fri,0,0,nonexistent
32,retired,married,basic.4y,no,yes,no,cellular,fri,0,0,nonexistent
47,management,married,high.school,no,unknown,unknown,cellular,fri,0,1,failure
47,technician,divorced,university.degree,no,no,no,cellular,fri,0,0,nonexistent
47,technician,married,professional.course,unknown,no,no,cellular,fri,0,0,nonexistent
38,technician,married,professional.course,unknown,no,no,cellular,fri,0,2,failure
34,blue-collar,married,basic.9y,no,yes,no,cellular,fri,0,1,failure
34,blue-collar,married,basic.9y,no,yes,no,cellular,fri,0,1,failure
39,admin.,married,university.degree,no,unknown,unknown,cellular,fri,1,1,failure
42,services,married,high.school,no,yes,yes,telephone,fri,0,1,failure
32,management,single,university.degree,unknown,yes,yes,cellular,fri,2,0,nonexistent
30,services,single,professional.course,no,yes,no,cellular,fri,1,0,nonexistent
37,services,married,high.school,no,yes,yes,cellular,fri,1,0,nonexistent
36,blue-collar,married,basic.9y,no,yes,no,cellular,fri,3,0,nonexistent
34,technician,divorced,professional.course,no,yes,yes,cellular,fri,1,1,failure
47,blue-collar,married,basic.9y,no,yes,yes,cellular,mon,0,0,nonexistent
46,entrepreneur,single,university.degree,no,yes,yes,cellular,mon,11,1,failure
34,services,single,basic.6y,no,yes,no,cellular,mon,0,0,nonexistent
42,admin.,married,basic.9y,no,no,no,telephone,mon,2,1,failure
46,entrepreneur,married,unknown,no,yes,no,cellular,mon,2,0,nonexistent
44,blue-collar,married,basic.6y,no,yes,yes,cellular,mon,5,0,nonexistent
46,blue-collar,married,basic.9y,unknown,no,no,cellular,mon,1,0,nonexistent
33,technician,married,high.school,no,yes,no,cellular,mon,0,0,nonexistent
40,blue-collar,married,basic.6y,no,no,no,cellular,mon,1,0,nonexistent
57,entrepreneur,single,university.degree,no,yes,no,cellular,mon,0,0,nonexistent
36,technician,single,professional.course,unknown,yes,no,cellular,mon,2,0,nonexistent
37,technician,single,professional.course,no,yes,no,cellular,mon,3,0,nonexistent
34,blue-collar,married,basic.9y,no,yes,no,cellular,mon,1,0,nonexistent
53,admin.,single,university.degree,no,no,no,cellular,mon,2,0,nonexistent
37,services,divorced,high.school,unknown,yes,no,cellular,mon,2,0,nonexistent
31,self-employed,married,university.degree,no,yes,no,cellular,mon,0,0,nonexistent
56,housemaid,married,university.degree,no,yes,no,cellular,mon,0,0,nonexistent
40,blue-collar,married,basic.4y,no,no,no,cellular,mon,0,1,failure
54,management,married,university.degree,unknown,no,yes,cellular,mon,2,0,nonexistent
52,entrepreneur,married,basic.9y,no,yes,yes,telephone,mon,4,0,nonexistent
25,admin.,single,university.degree,no,no,yes,cellular,mon,0,0,nonexistent
35,admin.,single,basic.9y,no,no,no,cellular,mon,1,0,nonexistent
42,blue-collar,married,high.school,no,yes,no,cellular,mon,2,0,nonexistent
43,technician,divorced,professional.course,unknown,yes,no,telephone,mon,4,1,failure
41,blue-collar,married,professional.course,no,no,no,cellular,mon,2,0,nonexistent
38,services,married,high.school,no,no,no,cellular,mon,1,0,nonexistent
57,self-employed,married,basic.4y,no,yes,no,cellular,mon,1,0,nonexistent
53,admin.,married,university.degree,no,yes,no,cellular,tue,0,0,nonexistent
31,technician,single,university.degree,no,unknown,unknown,telephone,tue,0,0,nonexistent
47,housemaid,single,professional.course,no,yes,no,cellular,tue,1,0,nonexistent
19,student,single,unknown,no,yes,yes,cellular,tue,2,0,nonexistent
23,admin.,single,university.degree,no,yes,no,cellular,wed,0,0,nonexistent
64,retired,married,basic.4y,no,yes,no,cellular,wed,0,2,failure
30,student,single,unknown,no,yes,no,cellular,wed,3,0,nonexistent
33,admin.,single,high.school,no,yes,no,cellular,wed,1,1,failure
18,student,single,basic.4y,no,no,no,cellular,thu,0,0,nonexistent
26,admin.,single,university.degree,no,yes,no,cellular,thu,0,0,nonexistent
46,admin.,married,high.school,no,no,no,telephone,thu,0,0,nonexistent
40,admin.,married,high.school,no,yes,no,cellular,thu,0,0,nonexistent
33,services,married,high.school,no,yes,no,cellular,thu,0,0,nonexistent
25,technician,single,professional.course,no,yes,yes,cellular,thu,0,1,failure
56,entrepreneur,married,university.degree,no,no,no,cellular,thu,0,0,nonexistent
48,technician,divorced,university.degree,no,yes,yes,cellular,thu,1,0,nonexistent
37,admin.,single,university.degree,no,yes,no,cellular,thu,0,0,nonexistent
60,admin.,married,professional.course,no,yes,no,cellular,thu,0,1,failure
24,admin.,single,university.degree,no,yes,no,cellular,thu,2,0,nonexistent
60,unemployed,married,high.school,no,yes,no,cellular,thu,1,1,success
44,entrepreneur,single,professional.course,no,no,no,cellular,mon,0,0,nonexistent
60,management,married,university.degree,no,yes,no,telephone,mon,0,0,nonexistent
28,self-employed,single,university.degree,no,yes,no,cellular,mon,0,0,nonexistent
36,management,married,university.degree,no,yes,no,cellular,mon,0,1,failure
52,admin.,single,high.school,no,no,no,cellular,mon,2,0,nonexistent
51,blue-collar,married,basic.4y,no,yes,no,cellular,mon,1,0,nonexistent
20,technician,single,university.degree,no,no,no,cellular,mon,4,0,nonexistent
52,admin.,married,university.degree,no,no,yes,cellular,mon,1,0,nonexistent
39,blue-collar,single,basic.9y,no,no,no,cellular,mon,2,0,nonexistent
81,retired,married,basic.4y,no,no,no,cellular,mon,1,0,nonexistent
56,technician,married,professional.course,no,yes,yes,cellular,mon,1,0,nonexistent
37,technician,single,professional.course,no,no,no,telephone,mon,4,0,nonexistent
28,services,single,unknown,no,no,no,cellular,tue,1,1,failure
33,management,married,university.degree,no,yes,no,cellular,tue,5,0,nonexistent
44,admin.,single,professional.course,unknown,no,no,cellular,tue,5,0,nonexistent
32,technician,single,university.degree,no,yes,no,cellular,tue,0,0,nonexistent
36,blue-collar,married,basic.9y,no,no,no,cellular,tue,0,0,nonexistent
45,entrepreneur,divorced,basic.9y,no,yes,yes,cellular,tue,2,0,nonexistent
40,management,married,professional.course,no,unknown,unknown,cellular,tue,1,1,failure
37,management,married,university.degree,no,no,yes,cellular,tue,0,0,nonexistent
46,blue-collar,married,high.school,no,yes,no,cellular,tue,0,0,nonexistent
32,services,married,high.school,no,no,no,cellular,tue,0,0,nonexistent
49,blue-collar,married,professional.course,no,no,no,cellular,tue,1,0,nonexistent
52,blue-collar,married,high.school,no,no,no,cellular,tue,0,0,nonexistent
54,management,married,university.degree,no,yes,yes,cellular,tue,0,2,failure
26,student,single,high.school,unknown,yes,no,cellular,tue,0,0,nonexistent
26,management,single,university.degree,no,no,no,cellular,tue,1,1,failure
39,self-employed,single,university.degree,no,no,no,cellular,tue,1,0,nonexistent
31,services,married,high.school,no,no,no,cellular,wed,0,0,nonexistent
44,blue-collar,married,basic.6y,no,yes,no,cellular,wed,0,0,nonexistent
47,blue-collar,married,basic.4y,no,yes,no,cellular,wed,1,0,nonexistent
42,services,married,high.school,no,no,no,cellular,wed,0,0,nonexistent
32,blue-collar,married,basic.9y,no,yes,no,cellular,wed,0,1,success
28,admin.,married,high.school,no,no,no,cellular,wed,0,0,nonexistent
41,admin.,married,high.school,no,no,no,cellular,wed,0,1,failure
44,blue-collar,married,basic.9y,unknown,no,no,cellular,wed,0,0,nonexistent
30,admin.,single,university.degree,no,no,no,cellular,wed,1,1,failure
51,admin.,divorced,high.school,no,yes,yes,cellular,wed,1,1,failure
36,blue-collar,single,high.school,no,no,yes,cellular,wed,1,1,failure
48,blue-collar,married,basic.6y,unknown,no,yes,cellular,wed,3,1,failure
34,services,married,high.school,no,no,yes,cellular,wed,1,1,failure
42,blue-collar,single,basic.9y,unknown,yes,no,cellular,thu,4,0,nonexistent
35,management,married,university.degree,no,no,no,cellular,thu,0,0,nonexistent
30,entrepreneur,divorced,basic.6y,no,no,yes,cellular,thu,0,1,failure
54,blue-collar,married,basic.9y,unknown,no,no,cellular,thu,0,0,nonexistent
36,technician,married,professional.course,no,yes,no,cellular,thu,0,1,failure
30,admin.,single,professional.course,no,yes,yes,cellular,thu,0,1,failure
39,entrepreneur,married,unknown,no,yes,yes,cellular,thu,2,0,nonexistent
32,admin.,married,high.school,no,no,no,cellular,thu,0,1,failure
41,blue-collar,married,basic.9y,no,unknown,unknown,cellular,thu,0,0,nonexistent
33,blue-collar,single,basic.9y,no,yes,yes,cellular,thu,1,1,failure
27,blue-collar,single,basic.9y,unknown,yes,yes,cellular,thu,0,0,nonexistent
38,blue-collar,married,basic.9y,unknown,no,no,cellular,thu,0,0,nonexistent
36,blue-collar,married,basic.9y,no,no,no,cellular,thu,1,0,nonexistent
32,admin.,married,university.degree,no,no,no,cellular,thu,0,1,success
27,admin.,married,high.school,no,no,yes,cellular,thu,0,1,failure
34,technician,married,professional.course,no,unknown,unknown,cellular,thu,2,0,nonexistent
32,admin.,single,professional.course,no,yes,no,cellular,thu,1,2,failure
35,blue-collar,married,basic.9y,unknown,yes,yes,cellular,thu,1,0,nonexistent
46,blue-collar,married,basic.9y,no,no,no,cellular,thu,2,0,nonexistent
37,admin.,single,university.degree,no,yes,no,cellular,thu,5,1,failure
43,management,single,university.degree,no,unknown,unknown,cellular,thu,2,1,failure
29,services,married,professional.course,no,no,no,cellular,thu,1,0,nonexistent
38,admin.,single,unknown,no,yes,no,cellular,fri,0,0,nonexistent
35,blue-collar,married,basic.9y,no,yes,no,cellular,fri,0,1,failure
39,blue-collar,married,basic.6y,unknown,no,no,cellular,fri,1,0,nonexistent
38,blue-collar,married,basic.9y,no,yes,no,cellular,fri,0,0,nonexistent
41,services,married,high.school,no,yes,no,cellular,fri,0,1,failure
31,self-employed,married,university.degree,no,no,no,cellular,fri,0,0,nonexistent
42,technician,married,professional.course,no,no,no,cellular,fri,1,0,nonexistent
55,blue-collar,divorced,basic.4y,no,no,no,cellular,fri,0,0,nonexistent
41,blue-collar,divorced,basic.9y,no,yes,no,cellular,fri,0,1,failure
40,blue-collar,married,basic.6y,unknown,yes,no,cellular,fri,0,0,nonexistent
34,admin.,single,university.degree,no,no,yes,cellular,fri,1,0,nonexistent
54,technician,married,university.degree,unknown,no,no,cellular,fri,4,0,nonexistent
45,technician,married,basic.9y,no,no,no,cellular,fri,2,0,nonexistent
35,blue-collar,married,basic.9y,no,no,no,cellular,fri,5,1,failure
32,blue-collar,married,basic.9y,no,yes,no,cellular,fri,1,0,nonexistent
38,blue-collar,single,high.school,no,no,no,cellular,fri,1,1,failure
39,blue-collar,married,basic.9y,no,no,no,telephone,fri,1,0,nonexistent
35,services,married,high.school,no,yes,no,cellular,fri,3,1,failure
44,blue-collar,married,basic.9y,no,no,no,cellular,fri,0,0,nonexistent
44,blue-collar,married,basic.9y,no,yes,no,cellular,fri,0,1,failure
33,blue-collar,married,professional.course,no,yes,no,telephone,fri,0,0,nonexistent
41,blue-collar,married,basic.6y,unknown,yes,no,cellular,mon,7,1,failure
33,services,single,high.school,no,yes,no,telephone,mon,4,0,nonexistent
27,self-employed,married,university.degree,no,yes,no,cellular,mon,0,0,nonexistent
30,admin.,single,university.degree,no,yes,no,cellular,mon,0,0,nonexistent
26,services,single,high.school,no,yes,no,cellular,mon,0,0,nonexistent
36,admin.,single,professional.course,no,yes,no,cellular,mon,2,1,failure
27,entrepreneur,married,university.degree,no,yes,no,cellular,mon,0,1,failure
30,blue-collar,married,basic.9y,no,yes,no,cellular,mon,4,0,nonexistent
29,entrepreneur,married,basic.4y,unknown,yes,no,telephone,mon,2,0,nonexistent
